"assembler","type_input_data","type_ref_data","n_contigs","Time","length","Memory","score","genes","Species","tipeseed","species","data_type","max_score","sum_genes","max_len_kb","in_fig1","in_fig2","in_fig3","in_fig4","in_fig4_suppl","in_fig5","MaxContigLength"
"ARC","genome","full_COI_Bpul",625,0.804166666666667,69793,0.21287109375,0.134764748883082,0,"none","none","none","genome",13.4764748883082,0,1.84381186655121,FALSE,FALSE,FALSE,FALSE,FALSE,FALSE,1780
"ARC","genome","full_COI_Ecy",4319,0.799444444444445,675000,0.976455078125,0.062318352249606,1,"none","none","none","genome",6.2318352249606,1,2.82930377283102,FALSE,FALSE,FALSE,FALSE,FALSE,FALSE,1155
"ARC","genome","full_COI_EveS",5,0.829722166666667,6903,0.181513671875,0.429762261958808,0,"none","none","none","genome",42.9762261958808,0,0.839037873388306,FALSE,FALSE,FALSE,FALSE,FALSE,FALSE,5172
"ARC","genome","full_mt_genom_Bpul",57,2.61916666666667,23378,0.495908203125,0.583726456108845,0,"B. pullus","Mitogenome","B. pullus","genome",58.3726456108845,0,1.3688073542973,FALSE,FALSE,FALSE,FALSE,FALSE,FALSE,15608
"ARC","genome","full_mt_genom_Bpul_Eve",67,0.612222166666667,26595,0.136748046875,0.39032807691885,0,"B. pullus","Related mitogenome","B. pullus","genome",39.032807691885,0,1.4247999946566,FALSE,FALSE,FALSE,FALSE,FALSE,FALSE,6192
"ARC","genome","full_mt_genom_Ecy",3481,1.59694444444445,604027,1.00830078125,0.254208636319448,10,"E. cyaneus","Mitogenome","E. cyaneus","genome",25.4208636319448,10,2.7810563520134,FALSE,TRUE,FALSE,FALSE,FALSE,FALSE,3370
"ARC","genome","full_mt_genom_Eve",791,6.86305555555555,127871,1.26283203125,0.307593477598408,12,"E. cyaneus","Related mitogenome","E. cyaneus","genome",30.7593477598408,12,2.10677206153861,FALSE,FALSE,FALSE,FALSE,FALSE,FALSE,4994
"ARC","genome","full_mt_genom_EveS_Ecy",50,11.898055,23394,1.784140625,0.50113020750478,13,"E. verrucosus","Related mitogenome","E. verrucosus","genome",50.113020750478,13,1.36910448557163,FALSE,FALSE,FALSE,TRUE,TRUE,TRUE,3254
"ARC","genome","full_mt_genom_EveS_EveS",26,10.6111116666667,20619,1.804326171875,0.60764279685648,15,"E. verrucosus","Mitogenome","E. verrucosus","genome",60.764279685648,15,1.31426759862872,FALSE,FALSE,TRUE,TRUE,TRUE,TRUE,9975
"ARC","genome","part_COI_Bpul",205,2.855,32642,0.442763671875,0.223762618165859,0,"B. pullus","Folmer region COI","B. pullus","genome",22.3762618165859,0,1.51377676044805,FALSE,FALSE,FALSE,FALSE,FALSE,FALSE,4622
"ARC","genome","part_COI_Ecy",10,1.00416666666667,6989,0.241474609375,0.399860731181395,4,"E. cyaneus","Folmer region COI","E. cyaneus","genome",39.9860731181395,4,0.844415040473824,FALSE,FALSE,FALSE,FALSE,FALSE,FALSE,1591
"ARC","genome","part_COI_EveS",2,0.81,4928,0.1134375,0.511376685628088,5,"E. verrucosus","Folmer region COI","E. verrucosus","genome",51.1376685628088,5,0.692670699156369,FALSE,FALSE,FALSE,TRUE,TRUE,TRUE,4625
"ARC","genome_10p","full_COI_Ecy",1,0.09055555,2666,0.12748046875,0.582534986565013,0,"none","none","none","genome",58.2534986565013,0,0.42586014507784,FALSE,FALSE,FALSE,FALSE,FALSE,FALSE,2666
"ARC","genome_10p","full_mt_genom_Ecy",6,0.0461111166666667,13704,0.156279296875,0.763040437730875,14,"E. cyaneus","Mitogenome","E. cyaneus","genome",76.3040437730875,14,1.13684734995745,FALSE,TRUE,FALSE,FALSE,FALSE,FALSE,5444
"ARC","genome_10p","full_mt_genom_Eve",9,0.0897222166666667,13965,0.193603515625,0.724997938229608,0,"E. cyaneus","Related mitogenome","E. cyaneus","genome",72.4997938229608,0,1.14504094003702,FALSE,FALSE,FALSE,FALSE,FALSE,FALSE,4762
"ARC","genome_10p","part_COI_Ecy",1,0.115,2603,0.224677734375,0.580134118038953,0,"E. cyaneus","Folmer region COI","E. cyaneus","genome",58.0134118038953,0,0.415474168109236,FALSE,FALSE,FALSE,FALSE,FALSE,FALSE,2603
"ARC","genome_16p","full_COI_Ecy",8,0.172777833333333,5675,0.1300390625,0.378621974239653,0,"none","none","none","genome",37.8621974239653,0,0.75396586586516,FALSE,FALSE,FALSE,FALSE,FALSE,FALSE,1404
"ARC","genome_16p","full_mt_genom_Ecy",12,0.07194445,15854,0.208759765625,0.71259507871554,12,"E. cyaneus","Mitogenome","E. cyaneus","genome",71.259507871554,12,1.20013885385738,FALSE,TRUE,FALSE,FALSE,FALSE,FALSE,5528
"ARC","genome_16p","full_mt_genom_Eve",16,0.168611166666667,17056,0.240087890625,0.67555651962323,0,"E. cyaneus","Related mitogenome","E. cyaneus","genome",67.555651962323,0,1.23187718734648,FALSE,FALSE,FALSE,FALSE,FALSE,FALSE,5528
"ARC","genome_16p","part_COI_Ecy",5,0.173333333333333,5108,0.18228515625,0.404247290674633,0,"E. cyaneus","Folmer region COI","E. cyaneus","genome",40.4247290674633,0,0.708250888591378,FALSE,FALSE,FALSE,FALSE,FALSE,FALSE,2078
"ARC","genome_1p","full_COI_Ecy",0,0.00611111111111111,0,0.085029296875,0,0,"none","none","none","genome",0,0,0,FALSE,FALSE,FALSE,FALSE,FALSE,FALSE,NA
"ARC","genome_1p","full_mt_genom_Ecy",0,0.00861111111111112,0,0.1342578125,0,0,"E. cyaneus","Mitogenome","E. cyaneus","genome",0,0,0,FALSE,TRUE,FALSE,FALSE,FALSE,FALSE,NA
"ARC","genome_1p","full_mt_genom_Eve",0,0.00833333333333333,0,0.189736328125,0,0,"E. cyaneus","Related mitogenome","E. cyaneus","genome",0,0,0,FALSE,FALSE,FALSE,FALSE,FALSE,FALSE,NA
"ARC","genome_1p","part_COI_Ecy",0,0.00583333333333333,0,0.251689453125,0,0,"E. cyaneus","Folmer region COI","E. cyaneus","genome",0,0,0,FALSE,FALSE,FALSE,FALSE,FALSE,FALSE,NA
"ARC","genome_3x","full_COI_Bpul",15,0.302222166666667,9400,0.258232421875,0.488805582558523,8,"none","none","none","genome",48.8805582558523,8,0.973127853599699,FALSE,FALSE,FALSE,FALSE,FALSE,FALSE,7815
"ARC","genome_3x","full_COI_Ecy",8,0.442222166666667,5968,0.1855859375,0.382355298370445,0,"none","none","none","genome",38.2355298370445,0,0.775828814464612,FALSE,FALSE,FALSE,FALSE,FALSE,FALSE,1451
"ARC","genome_3x","full_mt_genom_Bpul",26821,5.325555,7248527,3.123203125,0.243839153805987,15,"B. pullus","Mitogenome","B. pullus","genome",24.3839153805987,15,3.86024976094797,FALSE,FALSE,TRUE,TRUE,TRUE,TRUE,15838
"ARC","genome_3x","full_mt_genom_Bpul_Eve",18,0.0916666666666667,12314,0.1203125,0.538520917402603,10,"B. pullus","Related mitogenome","B. pullus","genome",53.8520917402603,10,1.09039914925546,FALSE,FALSE,FALSE,TRUE,TRUE,TRUE,4703
"ARC","genome_3x","full_mt_genom_Ecy",24693,1.05388883333333,2516010,1.42919921875,0.249114296603963,14,"E. cyaneus","Mitogenome","E. cyaneus","genome",24.9114296603963,14,3.40071236290049,TRUE,FALSE,TRUE,TRUE,TRUE,TRUE,5069
"ARC","genome_3x","full_mt_genom_Eve",29,0.325,20986,0.1854296875,0.597302833634268,14,"E. cyaneus","Related mitogenome","E. cyaneus","genome",59.7302833634268,14,1.32192966852652,FALSE,FALSE,FALSE,TRUE,TRUE,TRUE,5141
"ARC","genome_3x","part_COI_Bpul",4808,1.1525,1214081,1.0081640625,0.117417180983697,8,"B. pullus","Folmer region COI","B. pullus","genome",11.7417180983697,8,3.08424766258728,FALSE,FALSE,FALSE,TRUE,TRUE,TRUE,7414
"ARC","genome_3x","part_COI_Ecy",9,0.4394445,6216,0.1978125,0.375727521962465,2,"E. cyaneus","Folmer region COI","E. cyaneus","genome",37.5727521962465,2,0.793511005792858,FALSE,FALSE,FALSE,TRUE,TRUE,TRUE,1451
"ARC","genome_NCBI","full_COI_Ecy",7,22.4852833333333,3585,3.025390625,0.312690814570603,0,"none","none","none","genome",31.2690814570603,0,0.554489160003819,FALSE,FALSE,FALSE,FALSE,FALSE,FALSE,2483
"ARC","genome_NCBI","full_mt_genom_Ecy",675,25.0947166666667,91284,1.48505859375,0.314469948778458,0,"E. cyaneus","Mitogenome","E. cyaneus","genome",31.4469948778458,0,1.96039466230264,FALSE,FALSE,FALSE,FALSE,FALSE,FALSE,2006
"ARC","genome_NCBI","full_mt_genom_Eve",22,21.4591666666667,20885,1.71158203125,0.602101270913045,0,"E. cyaneus","Related mitogenome","E. cyaneus","genome",60.2101270913045,0,1.31983447960114,FALSE,FALSE,FALSE,FALSE,FALSE,FALSE,12157
"ARC","genome_NCBI","part_COI_Ecy",6,19.1908333333333,2437,1.730771484375,0.288634186938835,0,"E. cyaneus","Folmer region COI","E. cyaneus","genome",28.8634186938835,0,0.386855529184724,FALSE,FALSE,FALSE,FALSE,FALSE,FALSE,1705
"ARC","genome_NCBI_50p","full_COI_Ecy",311,14.6363883333333,82161,3.73908203125,0.12802704453134,0,"none","none","none","genome",12.802704453134,0,1.91466571651715,FALSE,FALSE,FALSE,FALSE,FALSE,FALSE,4159
"ARC","genome_NCBI_50p","full_mt_genom_Ecy",25,5.65472166666667,21586,3.3719921875,0.590130607991558,0,"E. cyaneus","Mitogenome","E. cyaneus","genome",59.0130607991558,0,1.33417217272461,FALSE,FALSE,FALSE,FALSE,FALSE,FALSE,15278
"ARC","genome_NCBI_50p","full_mt_genom_Eve",36,6.37638833333333,24857,1.008232421875,0.548693247598485,0,"E. cyaneus","Related mitogenome","E. cyaneus","genome",54.8693247598485,0,1.39544871231587,FALSE,FALSE,FALSE,FALSE,FALSE,FALSE,15581
"ARC","genome_NCBI_50p","part_COI_Ecy",10,5.44666666666667,7342,3.440166015625,0.36207339039628,0,"E. cyaneus","Folmer region COI","E. cyaneus","genome",36.207339039628,0,0.865814380167968,FALSE,FALSE,FALSE,FALSE,FALSE,FALSE,4208
"ARC","transcriptome","full_COI_Ecy",5032,8.72583333333333,557556,1.732744140625,0.113561972666942,0,"none","none","none","transcriptome",11.3561972666942,0,2.74628849372843,FALSE,FALSE,FALSE,FALSE,FALSE,FALSE,2698
"ARC","transcriptome","full_mt_genom_Bpul",0,5.3575,0,1.86189453125,0,0,"B. pullus","Mitogenome","B. pullus","transcriptome",0,0,0,FALSE,FALSE,TRUE,FALSE,FALSE,FALSE,NA
"ARC","transcriptome","full_mt_genom_Ecy",0,3.99222222222222,0,1.929091796875,0,0,"E. cyaneus","Mitogenome","E. cyaneus","transcriptome",0,0,0,FALSE,FALSE,TRUE,FALSE,FALSE,FALSE,NA
"ARC","transcriptome","full_mt_genom_Eve",0,3.22722222222221,0,1.036728515625,0,0,"E. cyaneus","Related mitogenome","E. cyaneus","transcriptome",0,0,0,FALSE,FALSE,FALSE,FALSE,FALSE,FALSE,3459
"ARC","transcriptome","full_mt_genom_EveS_EveS",0,4.17416666666667,0,1.02708984375,0,0,"E. verrucosus","Mitogenome","E. verrucosus","transcriptome",0,0,0,FALSE,FALSE,TRUE,FALSE,FALSE,FALSE,NA
"ARC","transcriptome","part_COI_Ecy",3492,5.82027777777778,329475,4.797119140625,0.074376538350646,0,"E. cyaneus","Folmer region COI","E. cyaneus","transcriptome",7.4376538350646,0,2.51782246665702,FALSE,FALSE,FALSE,FALSE,FALSE,FALSE,1734
"ARC","transcriptome_10p","full_COI_Ecy",268,1.3369445,95600,1.0084765625,0.137252559909027,0,"none","none","none","transcriptome",13.7252559909027,0,1.9804578922761,FALSE,FALSE,FALSE,FALSE,FALSE,FALSE,5558
"ARC","transcriptome_10p","full_mt_genom_Ecy",914,2.7775,305021,1.008330078125,0.271885637335458,0,"E. cyaneus","Mitogenome","E. cyaneus","transcriptome",27.1885637335458,0,2.48432974056043,FALSE,FALSE,FALSE,FALSE,FALSE,FALSE,5340
"ARC","transcriptome_10p","full_mt_genom_Eve",646,2.95277833333333,292636,1.008310546875,0.273598291044108,0,"E. cyaneus","Related mitogenome","E. cyaneus","transcriptome",27.3598291044108,0,2.4663277518632,FALSE,FALSE,FALSE,FALSE,FALSE,FALSE,6393
"ARC","transcriptome_10p","part_COI_Ecy",388,1.26388883333333,107376,1.00837890625,0.128784515641871,0,"E. cyaneus","Folmer region COI","E. cyaneus","transcriptome",12.8784515641871,0,2.03090722147222,FALSE,FALSE,FALSE,FALSE,FALSE,FALSE,5302
"ARC","transcriptome_1p","full_COI_Ecy",2,0.0197222166666667,2346,0.146171875,0.4448520290389,0,"none","none","none","transcriptome",44.48520290389,0,0.37032800777951,FALSE,FALSE,FALSE,FALSE,FALSE,FALSE,2290
"ARC","transcriptome_1p","full_mt_genom_Ecy",9,0.03305555,14150,0.130595703125,0.749750060040345,0,"E. cyaneus","Mitogenome","E. cyaneus","transcriptome",74.9750060040345,0,1.15075643986031,FALSE,FALSE,FALSE,FALSE,FALSE,FALSE,3668
"ARC","transcriptome_1p","full_mt_genom_Eve",9,0.0566666666666667,13584,0.209013671875,0.727516264170958,0,"E. cyaneus","Related mitogenome","E. cyaneus","transcriptome",72.7516264170958,0,1.13302767289988,FALSE,FALSE,FALSE,FALSE,FALSE,FALSE,3668
"ARC","transcriptome_1p","part_COI_Ecy",2,0.0261111166666667,2346,0.2326171875,0.4448520290389,0,"E. cyaneus","Folmer region COI","E. cyaneus","transcriptome",44.48520290389,0,0.37032800777951,FALSE,FALSE,FALSE,FALSE,FALSE,FALSE,2290
"ARC","transcriptome_our","full_COI_Ecy",80,0.455,8596,0.853115234375,0.240381655601657,0,"none","none","none","transcriptome",24.0381655601657,0,0.934296406819406,FALSE,FALSE,FALSE,FALSE,FALSE,FALSE,NA
"ARC","transcriptome_our","full_mt_genom_Ecy",1293,4.6775,115182,3.114326171875,0.240530983191107,0,"E. cyaneus","Mitogenome","E. cyaneus","transcriptome",24.0530983191107,0,2.0613846152724,FALSE,FALSE,FALSE,FALSE,FALSE,FALSE,NA
"ARC","transcriptome_our","full_mt_genom_Eve",9691,10.6972216666667,805835,4.16810546875,0.188082333172703,0,"E. cyaneus","Related mitogenome","E. cyaneus","transcriptome",18.8082333172703,0,2.90624612626502,FALSE,FALSE,FALSE,FALSE,FALSE,FALSE,NA
"ARC","transcriptome_our","part_COI_Ecy",10167,2.48361166666667,837486,2.9706640625,0.020240494552904,0,"E. cyaneus","Folmer region COI","E. cyaneus","transcriptome",2.0240494552904,0,2.92297755580015,FALSE,FALSE,FALSE,FALSE,FALSE,FALSE,NA
"GetOrganelle","genome","full_COI_Bpul",1,1.11166666666667,15634,8.739296875,0.93342324082825,0,"none","none","none","genome",93.342324082825,0,1.1940701076211,FALSE,FALSE,FALSE,FALSE,FALSE,FALSE,15634
"GetOrganelle","genome","full_COI_Ecy",1,0.0166666666666667,1601,0.507841796875,0.582502306161093,3,"none","none","none","genome",58.2502306161093,3,0.2043913319193,FALSE,FALSE,FALSE,FALSE,FALSE,FALSE,2838
"GetOrganelle","genome","full_COI_EveS",3,3.93916666666667,4034,27.426884765625,0.4619179369543,0,"none","none","none","genome",46.19179369543,0,0.605735893876747,FALSE,FALSE,FALSE,FALSE,FALSE,FALSE,2643
"GetOrganelle","genome","full_mt_genom_Bpul",1,0.965277833333333,15727,8.70265625,0.98289732252518,0,"B. pullus","Mitogenome","B. pullus","genome",98.289732252518,0,1.19664588678709,FALSE,FALSE,FALSE,FALSE,FALSE,FALSE,15727
"GetOrganelle","genome","full_mt_genom_Bpul_Eve",0,2.496945,0,17.6580078125,0,0,"B. pullus","Related mitogenome","B. pullus","genome",0,0,0,FALSE,FALSE,FALSE,FALSE,FALSE,FALSE,NA
"GetOrganelle","genome","full_mt_genom_Ecy",3,3.21666666666667,13701,36.1959375,0.80649125164812,14,"E. cyaneus","Mitogenome","E. cyaneus","genome",80.649125164812,14,1.13675226632666,FALSE,TRUE,FALSE,FALSE,FALSE,FALSE,10882
"GetOrganelle","genome","full_mt_genom_Eve",3,3.15,12257,36.21728515625,0.74991011626492,13,"E. cyaneus","Related mitogenome","E. cyaneus","genome",74.991011626492,13,1.0883841860977,FALSE,FALSE,FALSE,FALSE,FALSE,FALSE,9433
"GetOrganelle","genome","full_mt_genom_EveS_Ecy",6,4.28638833333333,8040,27.4393359375,0.522484546213233,6,"E. verrucosus","Related mitogenome","E. verrucosus","genome",52.2484546213233,6,0.905256048748451,FALSE,FALSE,FALSE,TRUE,TRUE,TRUE,2346
"GetOrganelle","genome","full_mt_genom_EveS_EveS",3,1.21833333333333,14268,11.65052734375,0.785177205723173,15,"E. verrucosus","Mitogenome","E. verrucosus","genome",78.5177205723173,15,1.15436310066632,FALSE,FALSE,TRUE,TRUE,TRUE,TRUE,9869
"GetOrganelle","genome","part_COI_Bpul",1,1.1805555,15634,8.9912109375,0.93342324082825,0,"B. pullus","Folmer region COI","B. pullus","genome",93.342324082825,0,1.1940701076211,FALSE,FALSE,FALSE,FALSE,FALSE,FALSE,15634
"GetOrganelle","genome","part_COI_Ecy",1,1.16666666666667,2838,13.590068359375,0.582502306161093,3,"E. cyaneus","Folmer region COI","E. cyaneus","genome",58.2502306161093,3,0.453012391121455,FALSE,FALSE,FALSE,FALSE,FALSE,FALSE,2838
"GetOrganelle","genome","part_COI_EveS",1,1.686945,7512,11.62873046875,0.74075379783347,7,"E. verrucosus","Folmer region COI","E. verrucosus","genome",74.075379783347,7,0.875755579258054,FALSE,FALSE,FALSE,TRUE,TRUE,TRUE,7512
"GetOrganelle","genome_10p","full_COI_Ecy",1,0.1805555,2666,4.36916015625,0.582534986565013,3,"none","none","none","genome",58.2534986565013,3,0.42586014507784,FALSE,FALSE,FALSE,FALSE,FALSE,FALSE,2666
"GetOrganelle","genome_10p","full_mt_genom_Ecy",5,0.277777833333333,12249,4.36896484375,0.720567146975145,13,"E. cyaneus","Mitogenome","E. cyaneus","genome",72.0567146975145,13,1.08810063464266,FALSE,TRUE,FALSE,FALSE,FALSE,FALSE,5444
"GetOrganelle","genome_10p","full_mt_genom_Eve",4,0.28,9269,4.36826171875,0.620969016949815,10,"E. cyaneus","Related mitogenome","E. cyaneus","genome",62.0969016949815,10,0.967032882158702,FALSE,FALSE,FALSE,FALSE,FALSE,FALSE,4826
"GetOrganelle","genome_10p","part_COI_Ecy",1,0.178333333333333,2666,4.368623046875,0.582534986565013,3,"E. cyaneus","Folmer region COI","E. cyaneus","genome",58.2534986565013,3,0.42586014507784,FALSE,FALSE,FALSE,FALSE,FALSE,FALSE,2666
"GetOrganelle","genome_16p","full_COI_Ecy",1,0.359166666666667,4097,4.578291015625,0.638554633471645,4,"none","none","none","genome",63.8554633471645,4,0.612465963953142,FALSE,FALSE,FALSE,FALSE,FALSE,FALSE,4097
"GetOrganelle","genome_16p","full_mt_genom_Ecy",5,0.2919445,13064,4.576884765625,0.752914081033963,12,"E. cyaneus","Mitogenome","E. cyaneus","genome",75.2914081033963,12,1.11607617172861,FALSE,TRUE,FALSE,FALSE,FALSE,FALSE,5528
"GetOrganelle","genome_16p","full_mt_genom_Eve",4,1.68972166666667,12376,27.458935546875,0.737066109164078,12,"E. cyaneus","Related mitogenome","E. cyaneus","genome",73.7066109164078,12,1.09258030069131,FALSE,FALSE,FALSE,FALSE,FALSE,FALSE,5528
"GetOrganelle","genome_16p","part_COI_Ecy",1,0.729166666666667,4113,4.576376953125,0.642797926225063,4,"E. cyaneus","Folmer region COI","E. cyaneus","genome",64.2797926225063,4,0.614158709509175,FALSE,FALSE,FALSE,FALSE,FALSE,FALSE,4113
"GetOrganelle","genome_1p","full_COI_Ecy",0,0.0161111116666667,0,0.530009765625,0,0,"none","none","none","genome",0,0,0,FALSE,FALSE,FALSE,FALSE,FALSE,FALSE,NA
"GetOrganelle","genome_1p","full_mt_genom_Ecy",0,0.01694445,0,0.5213671875,0,0,"E. cyaneus","Mitogenome","E. cyaneus","genome",0,0,0,FALSE,TRUE,FALSE,FALSE,FALSE,FALSE,NA
"GetOrganelle","genome_1p","full_mt_genom_Eve",0,0.0075,0,0.113203125,0,0,"E. cyaneus","Related mitogenome","E. cyaneus","genome",0,0,0,FALSE,FALSE,FALSE,FALSE,FALSE,FALSE,NA
"GetOrganelle","genome_1p","part_COI_Ecy",0,0.0075,0,0.11556640625,0,0,"E. cyaneus","Folmer region COI","E. cyaneus","genome",0,0,0,FALSE,FALSE,FALSE,FALSE,FALSE,FALSE,NA
"GetOrganelle","genome_3x","full_COI_Bpul",1,0.336666666666667,15632,5.696845703125,0.979102679611913,15,"none","none","none","genome",97.9102679611913,15,1.1940145463747,FALSE,FALSE,FALSE,FALSE,FALSE,FALSE,15632
"GetOrganelle","genome_3x","full_COI_Ecy",1,0.8130555,3862,7.934658203125,0.633884390742985,3,"none","none","none","genome",63.3884390742985,3,0.586812269443376,FALSE,FALSE,FALSE,FALSE,FALSE,FALSE,3862
"GetOrganelle","genome_3x","full_mt_genom_Bpul",1,0.409166666666667,15944,5.711640625,0.98869139815441,15,"B. pullus","Mitogenome","B. pullus","genome",98.869139815441,15,1.20259728569243,FALSE,FALSE,TRUE,TRUE,TRUE,TRUE,15944
"GetOrganelle","genome_3x","full_mt_genom_Bpul_Eve",0,0.422777833333333,0,6.274296875,0,0,"B. pullus","Related mitogenome","B. pullus","genome",0,0,0,FALSE,FALSE,FALSE,TRUE,TRUE,TRUE,NA
"GetOrganelle","genome_3x","full_mt_genom_Ecy",2,0.6380555,14162,7.94091796875,0.867166846168262,14,"E. cyaneus","Mitogenome","E. cyaneus","genome",86.7166846168262,14,1.15112459005068,TRUE,FALSE,TRUE,TRUE,TRUE,TRUE,13312
"GetOrganelle","genome_3x","full_mt_genom_Eve",4,1.0744445,12492,7.934033203125,0.740263105682015,12,"E. cyaneus","Related mitogenome","E. cyaneus","genome",74.0263105682015,12,1.09663197555816,FALSE,FALSE,FALSE,TRUE,TRUE,TRUE,5646
"GetOrganelle","genome_3x","part_COI_Bpul",1,0.347777833333333,15668,5.6941796875,0.980209088023805,15,"B. pullus","Folmer region COI","B. pullus","genome",98.0209088023805,15,1.19501356287583,FALSE,FALSE,FALSE,TRUE,TRUE,TRUE,15668
"GetOrganelle","genome_3x","part_COI_Ecy",1,0.7794445,4184,7.95060546875,0.645118178939288,4,"E. cyaneus","Folmer region COI","E. cyaneus","genome",64.5118178939288,4,0.621591675859218,FALSE,FALSE,FALSE,TRUE,TRUE,TRUE,4184
"GetOrganelle","genome_NCBI","full_COI_Ecy",1,2.27583333333333,15582,12.46634765625,0.957193700917848,15,"none","none","none","genome",95.7193700917848,15,1.19262320001295,FALSE,FALSE,FALSE,FALSE,FALSE,FALSE,NA
"GetOrganelle","genome_NCBI","full_mt_genom_Ecy",1,1.92638833333333,15582,12.87814453125,0.957193700917848,15,"E. cyaneus","Mitogenome","E. cyaneus","genome",95.7193700917848,15,1.19262320001295,FALSE,FALSE,FALSE,FALSE,FALSE,FALSE,NA
"GetOrganelle","genome_NCBI","full_mt_genom_Eve",1,2.85972166666667,15582,25.915029296875,0.957193700917848,15,"E. cyaneus","Related mitogenome","E. cyaneus","genome",95.7193700917848,15,1.19262320001295,FALSE,FALSE,FALSE,FALSE,FALSE,FALSE,NA
"GetOrganelle","genome_NCBI","part_COI_Ecy",1,2.53888833333333,15582,15.48234375,0.957193700917848,15,"E. cyaneus","Folmer region COI","E. cyaneus","genome",95.7193700917848,15,1.19262320001295,FALSE,FALSE,FALSE,FALSE,FALSE,FALSE,NA
"GetOrganelle","genome_NCBI_50p","full_COI_Ecy",1,1.555,15582,12.436474609375,0.957193700917848,15,"none","none","none","genome",95.7193700917848,15,1.19262320001295,FALSE,FALSE,FALSE,FALSE,FALSE,FALSE,NA
"GetOrganelle","genome_NCBI_50p","full_mt_genom_Ecy",1,1.29027783333333,15582,13.6433984375,0.957193700917848,15,"E. cyaneus","Mitogenome","E. cyaneus","genome",95.7193700917848,15,1.19262320001295,FALSE,FALSE,FALSE,FALSE,FALSE,FALSE,NA
"GetOrganelle","genome_NCBI_50p","full_mt_genom_Eve",1,3.46,15582,36.707890625,0.957193700917848,15,"E. cyaneus","Related mitogenome","E. cyaneus","genome",95.7193700917848,15,1.19262320001295,FALSE,FALSE,FALSE,FALSE,FALSE,FALSE,NA
"GetOrganelle","genome_NCBI_50p","part_COI_Ecy",1,1.66138883333333,15582,13.788828125,0.957193700917848,15,"E. cyaneus","Folmer region COI","E. cyaneus","genome",95.7193700917848,15,1.19262320001295,FALSE,FALSE,FALSE,FALSE,FALSE,FALSE,NA
"GetOrganelle","transcriptome","full_COI_Ecy",1,0.0166666666666667,1601,0.507841796875,0.55570633263744,1,"none","none","none","transcriptome",55.570633263744,1,0.2043913319193,FALSE,FALSE,FALSE,FALSE,FALSE,FALSE,1601
"GetOrganelle","transcriptome","full_mt_genom_Bpul",2,0.0202777833333333,12071,0.39142578125,0.728726209982,13,"B. pullus","Mitogenome","B. pullus","transcriptome",72.8726209982,13,1.08174324992272,FALSE,FALSE,TRUE,FALSE,FALSE,FALSE,7673
"GetOrganelle","transcriptome","full_mt_genom_Ecy",6,0.0166666666666667,11734,0.33001953125,0.695535670124078,13,"E. cyaneus","Mitogenome","E. cyaneus","transcriptome",69.5535670124078,13,1.06944608388031,FALSE,FALSE,TRUE,FALSE,FALSE,FALSE,2255
"GetOrganelle","transcriptome","full_mt_genom_Eve",2,0.0166666666666667,2179,0.165458984375,0.444211231521995,0,"E. cyaneus","Related mitogenome","E. cyaneus","transcriptome",44.4211231521995,0,0.338257230246256,FALSE,FALSE,FALSE,FALSE,FALSE,FALSE,1192
"GetOrganelle","transcriptome","full_mt_genom_EveS_EveS",4,0.00916666666666667,7111,0.157373046875,0.53841,8,"E. verrucosus","Mitogenome","E. verrucosus","transcriptome",53.841,8,0.851930678640268,FALSE,FALSE,TRUE,FALSE,FALSE,FALSE,89
"GetOrganelle","transcriptome","part_COI_Ecy",1,0.0166666666666667,1601,0.533359375,0.555012133596043,1,"E. cyaneus","Folmer region COI","E. cyaneus","transcriptome",55.5012133596043,1,0.2043913319193,FALSE,FALSE,FALSE,FALSE,FALSE,FALSE,1601
"GetOrganelle","transcriptome_10p","full_COI_Ecy",1,0.0175,1579,0.50154296875,0.55371077111162,1,"none","none","none","transcriptome",55.371077111162,1,0.198382130008294,FALSE,FALSE,FALSE,FALSE,FALSE,FALSE,1579
"GetOrganelle","transcriptome_10p","full_mt_genom_Ecy",0,0,0,0,0,0,"E. cyaneus","Mitogenome","E. cyaneus","transcriptome",0,0,0,FALSE,FALSE,FALSE,FALSE,FALSE,FALSE,NA
"GetOrganelle","transcriptome_10p","full_mt_genom_Eve",0,0,0,0,0,0,"E. cyaneus","Related mitogenome","E. cyaneus","transcriptome",0,0,0,FALSE,FALSE,FALSE,FALSE,FALSE,FALSE,NA
"GetOrganelle","transcriptome_10p","part_COI_Ecy",1,0.0202777833333333,1526,0.58505859375,0.547841223022698,0,"E. cyaneus","Folmer region COI","E. cyaneus","transcriptome",54.7841223022698,0,0.183554533618862,FALSE,FALSE,FALSE,FALSE,FALSE,FALSE,1526
"GetOrganelle","transcriptome_1p","full_COI_Ecy",1,0.0186111166666667,1525,0.507841796875,0.547984644694663,0,"none","none","none","transcriptome",54.7984644694663,0,0.183269843682805,FALSE,FALSE,FALSE,FALSE,FALSE,FALSE,1525
"GetOrganelle","transcriptome_1p","full_mt_genom_Ecy",0,0.01944445,0,0.33001953125,0,0,"E. cyaneus","Mitogenome","E. cyaneus","transcriptome",0,0,0,FALSE,FALSE,FALSE,FALSE,FALSE,FALSE,NA
"GetOrganelle","transcriptome_1p","full_mt_genom_Eve",3,0.00638888833333333,4201,0.165458984375,0.476660356242845,0,"E. cyaneus","Related mitogenome","E. cyaneus","transcriptome",47.6660356242845,0,0.623352681537992,FALSE,FALSE,FALSE,FALSE,FALSE,FALSE,1699
"GetOrganelle","transcriptome_1p","part_COI_Ecy",1,0.0208333333333333,1560,0.533359375,0.542732254697288,1,"E. cyaneus","Folmer region COI","E. cyaneus","transcriptome",54.2732254697288,1,0.193124598354462,FALSE,FALSE,FALSE,FALSE,FALSE,FALSE,1560
"GetOrganelle","transcriptome_our","full_COI_Ecy",1,0.0622222166666667,222,1.294970703125,0,0,"none","none","none","transcriptome",0,0,0,FALSE,FALSE,FALSE,FALSE,FALSE,FALSE,222
"GetOrganelle","transcriptome_our","full_mt_genom_Ecy",2,0.02055555,1157,0.391318359375,0.393777926740443,0,"E. cyaneus","Mitogenome","E. cyaneus","transcriptome",39.3777926740443,0,0.0633333589517496,FALSE,FALSE,FALSE,FALSE,FALSE,FALSE,1071
"GetOrganelle","transcriptome_our","full_mt_genom_Eve",2,0.00861111166666667,881,0.18392578125,0.40414831156788,0,"E. cyaneus","Related mitogenome","E. cyaneus","transcriptome",40.414831156788,0,0,FALSE,FALSE,FALSE,FALSE,FALSE,FALSE,540
"GetOrganelle","transcriptome_our","part_COI_Ecy",1,0.0513888833333333,219,0.94373046875,0,0,"E. cyaneus","Folmer region COI","E. cyaneus","transcriptome",0,0,0,FALSE,FALSE,FALSE,FALSE,FALSE,FALSE,219
"MEANGS","genome","de_novo",97,2.899445,48857,3.90455078125,0.353213588487948,9,"E. cyaneus","De novo","E. cyaneus","genome",35.3213588487948,9,1.68892679617312,FALSE,TRUE,FALSE,FALSE,FALSE,FALSE,3429
"MEANGS","genome","de_novo_Bpul",148,1.89138833333333,58574,4.080419921875,0.298627589789773,0,"B. pullus","De novo","B. pullus","genome",29.8627589789773,0,1.76770488287397,FALSE,FALSE,FALSE,FALSE,FALSE,FALSE,5950
"MEANGS","genome","de_novo_EveS",84,1.23888883333333,30012,3.818896484375,0.373974188878158,5,"E. verrucosus","De novo","E. verrucosus","genome",37.3974188878158,5,1.47729493777813,FALSE,FALSE,TRUE,FALSE,TRUE,TRUE,1806
"MEANGS","genome_10p","de_novo",47,0.127777783333333,16788,3.4653515625,0.485511061880103,3,"E. cyaneus","De novo","E. cyaneus","genome",48.5511061880103,3,1.22499896053945,FALSE,TRUE,FALSE,FALSE,FALSE,FALSE,1433
"MEANGS","genome_16p","de_novo",63,0.204722166666667,24214,3.47052734375,0.358448698004718,4,"E. cyaneus","De novo","E. cyaneus","genome",35.8448698004718,4,1.38406653807595,FALSE,TRUE,FALSE,FALSE,FALSE,FALSE,1635
"MEANGS","genome_1p","de_novo",8,0.0138888883333333,1701,3.0810546875,0.110318189042673,0,"E. cyaneus","De novo","E. cyaneus","genome",11.0318189042673,0,0.230704313612569,FALSE,TRUE,FALSE,FALSE,FALSE,FALSE,301
"MEANGS","genome_3x","de_novo",123,0.670277833333333,44652,3.656279296875,0.350333660742668,2,"E. cyaneus","De novo","E. cyaneus","genome",35.0333660742668,2,1.64984091606916,TRUE,FALSE,TRUE,FALSE,TRUE,TRUE,1184
"MEANGS","genome_3x","de_novo_Bpul",106,0.3875,44653,3.51763671875,0.329040060050973,13,"B. pullus","De novo","B. pullus","genome",32.9040060050973,13,1.64985064216472,FALSE,FALSE,TRUE,FALSE,TRUE,TRUE,3862
"MEANGS","genome_NCBI","de_novo",147,2.9725,60525,4.056982421875,0.32578476102892,12,"E. cyaneus","De novo","E. cyaneus","genome",32.578476102892,12,1.78193479811377,FALSE,FALSE,FALSE,FALSE,FALSE,FALSE,6137
"MEANGS","genome_NCBI_50p","de_novo",82,1.555,39821,3.6158984375,0.38261620304401,12,"E. cyaneus","De novo","E. cyaneus","genome",38.261620304401,12,1.60011216199548,FALSE,FALSE,FALSE,FALSE,FALSE,FALSE,6162
"MEANGS","transcriptome","de_novo",293,0.9005555,0,3.923203125,0,0,"E. cyaneus","De novo","E. cyaneus","transcriptome",0,0,0,FALSE,FALSE,TRUE,FALSE,FALSE,FALSE,1569
"MEANGS","transcriptome","de_novo_EveS",434,0.978333333333333,80282,4.2968359375,0.2468,11,"E. verrucosus","De novo","E. verrucosus","transcriptome",24.68,11,1.9046181831745,FALSE,FALSE,TRUE,FALSE,FALSE,FALSE,900
"MEANGS","transcriptome","full_mt_genom_Bpul",8,1.706945,11093,11.94021484375,0.542074768772073,11,"B. pullus","Mitogenome","B. pullus","transcriptome",54.2074768772073,11,1.04504901298896,FALSE,FALSE,TRUE,FALSE,FALSE,FALSE,NA
"MEANGS","transcriptome_10p","de_novo",189,0.0922222166666667,44804,3.310634765625,0.320753779248328,10,"E. cyaneus","De novo","E. cyaneus","transcriptome",32.0753779248328,10,1.65131678856019,FALSE,FALSE,FALSE,FALSE,FALSE,FALSE,1743
"MEANGS","transcriptome_1p","de_novo",84,0.0116666666666667,22270,3.16828125,0.445567568613793,5,"E. cyaneus","De novo","E. cyaneus","transcriptome",44.5567568613793,5,1.34772021703404,FALSE,FALSE,FALSE,FALSE,FALSE,FALSE,1599
"MEANGS","transcriptome_our","de_novo",479,0.690277833333333,94058,3.96056640625,0.214823391147305,0,"E. cyaneus","De novo","E. cyaneus","transcriptome",21.4823391147305,0,1.97339573989806,FALSE,FALSE,FALSE,FALSE,FALSE,FALSE,NA
"MITGARD","genome","full_COI_Bpul",6,0.995,10048,0.38828125,0.346345497883533,0,"none","none","none","genome",34.6345497883533,0,1.00207962639312,FALSE,FALSE,FALSE,FALSE,FALSE,FALSE,1774
"MITGARD","genome","full_COI_Ecy",8,0.6619445,10636,0.39814453125,0.317800521151358,0,"none","none","none","genome",31.7800521151358,0,1.02677832865953,FALSE,FALSE,FALSE,FALSE,FALSE,FALSE,1771
"MITGARD","genome","full_COI_EveS",27,0.5705555,13437,0.620732421875,0.201079220909235,0,"none","none","none","genome",20.1079220909235,0,1.12830231716435,FALSE,FALSE,FALSE,FALSE,FALSE,FALSE,1671
"MITGARD","genome","full_mt_genom_Bpul",33,1.10861116666667,96298,0.5248828125,0.704704424245155,0,"B. pullus","Mitogenome","B. pullus","genome",70.4704424245155,0,1.98361726741546,FALSE,FALSE,FALSE,FALSE,FALSE,FALSE,15084
"MITGARD","genome","full_mt_genom_Bpul_Eve",141,0.9775,53252,0.6210546875,0.219787094461723,0,"B. pullus","Related mitogenome","B. pullus","genome",21.9787094461723,0,1.7263359233343,FALSE,FALSE,FALSE,FALSE,FALSE,FALSE,1229
"MITGARD","genome","full_mt_genom_Ecy",61,0.694722166666667,217447,0.620810546875,0.40073657189485,14,"E. cyaneus","Mitogenome","E. cyaneus","genome",40.073657189485,14,2.33735342031392,FALSE,TRUE,FALSE,FALSE,FALSE,FALSE,11559
"MITGARD","genome","full_mt_genom_Eve",131,0.663611166666667,71624,0.6210546875,0.357359902473363,0,"E. cyaneus","Related mitogenome","E. cyaneus","genome",35.7359902473363,0,1.85505857148485,FALSE,FALSE,FALSE,FALSE,FALSE,FALSE,1969
"MITGARD","genome","full_mt_genom_EveS_Ecy",121,0.541666666666667,55869,0.621044921875,0.30750775402769,3,"E. verrucosus","Related mitogenome","E. verrucosus","genome",30.750775402769,3,1.74717089798682,FALSE,FALSE,FALSE,TRUE,TRUE,TRUE,1250
"MITGARD","genome","full_mt_genom_EveS_EveS",63,0.645,98104,0.620810546875,0.545951399913013,14,"E. verrucosus","Mitogenome","E. verrucosus","genome",54.5951399913013,14,1.99168671525469,FALSE,FALSE,TRUE,TRUE,TRUE,TRUE,9956
"MITGARD","genome","part_COI_Bpul",6,0.989722166666667,4592,0.380703125,0.219328786984481,0,"B. pullus","Folmer region COI","B. pullus","genome",21.9328786984481,0,0.662001879389917,FALSE,FALSE,FALSE,FALSE,FALSE,FALSE,862
"MITGARD","genome","part_COI_Ecy",7,0.660277833333333,4821,0.62109375,0.294007012637858,0,"E. cyaneus","Folmer region COI","E. cyaneus","genome",29.4007012637858,0,0.683137131483007,FALSE,FALSE,FALSE,FALSE,FALSE,FALSE,861
"MITGARD","genome","part_COI_EveS",6,0.5805555,4376,0.621103515625,0.219749830674148,0,"E. verrucosus","Folmer region COI","E. verrucosus","genome",21.9749830674148,0,0.641077313325374,FALSE,FALSE,FALSE,TRUE,TRUE,TRUE,826
"MITGARD","genome_10p","full_COI_Ecy",4,0.0502777833333333,4605,0.1771875,0.303846641445328,1,"none","none","none","genome",30.3846641445328,1,0.663229634532868,FALSE,FALSE,FALSE,FALSE,FALSE,FALSE,1731
"MITGARD","genome_10p","full_mt_genom_Ecy",49,0.0666666666666667,93686,0.621044921875,0.453569720472493,14,"E. cyaneus","Mitogenome","E. cyaneus","genome",45.3569720472493,14,1.97167469678941,FALSE,TRUE,FALSE,FALSE,FALSE,FALSE,5444
"MITGARD","genome_10p","full_mt_genom_Eve",20,0.05055555,8184,0.1444140625,0.381225411775063,0,"E. cyaneus","Related mitogenome","E. cyaneus","genome",38.1225411775063,0,0.912965620704104,FALSE,FALSE,FALSE,FALSE,FALSE,FALSE,744
"MITGARD","genome_10p","part_COI_Ecy",2,0.0511111166666667,1431,0.147265625,0.3971061188329,0,"E. cyaneus","Folmer region COI","E. cyaneus","genome",39.71061188329,0,0.155639633759776,FALSE,FALSE,FALSE,FALSE,FALSE,FALSE,815
"MITGARD","genome_16p","full_COI_Ecy",6,0.0827777833333333,9949,0.621015625,0.337458942315898,0,"none","none","none","genome",33.7458942315898,0,0.997779430865604,FALSE,FALSE,FALSE,FALSE,FALSE,FALSE,1750
"MITGARD","genome_16p","full_mt_genom_Ecy",37,0.0897222166666667,115437,0.621015625,0.429025283121263,14,"E. cyaneus","Mitogenome","E. cyaneus","genome",42.9025283121263,14,2.06234503169965,FALSE,TRUE,FALSE,FALSE,FALSE,FALSE,5528
"MITGARD","genome_16p","full_mt_genom_Eve",57,0.0825,29944,0.62107421875,0.438876719010538,0,"E. cyaneus","Related mitogenome","E. cyaneus","genome",43.8876719010538,0,1.47630981410637,FALSE,FALSE,FALSE,FALSE,FALSE,FALSE,1113
"MITGARD","genome_16p","part_COI_Ecy",6,0.0808333333333333,4478,0.621083984375,0.24424182842033,0,"E. cyaneus","Folmer region COI","E. cyaneus","genome",24.424182842033,0,0.651084089243011,FALSE,FALSE,FALSE,FALSE,FALSE,FALSE,850
"MITGARD","genome_1p","full_COI_Ecy",4,0.006944445,2194,0.1128515625,0.348216882064008,0,"none","none","none","genome",34.8216882064008,0,0.341236623238692,FALSE,FALSE,FALSE,FALSE,FALSE,FALSE,611
"MITGARD","genome_1p","full_mt_genom_Ecy",57,0.0111111116666667,22939,0.6207421875,0.333105322572665,0,"E. cyaneus","Mitogenome","E. cyaneus","genome",33.3105322572665,0,1.36057448139663,FALSE,TRUE,FALSE,FALSE,FALSE,FALSE,946
"MITGARD","genome_1p","full_mt_genom_Eve",57,0.006944445,93459,0.108076171875,0.129635553790414,0,"E. cyaneus","Related mitogenome","E. cyaneus","genome",12.9635553790414,0,1.97062112981471,FALSE,FALSE,FALSE,FALSE,FALSE,FALSE,297
"MITGARD","genome_1p","part_COI_Ecy",2,0.00722222166666667,1115,0.08890625,0.394512885139873,0,"E. cyaneus","Folmer region COI","E. cyaneus","genome",39.4512885139873,0,0.0472748673841795,FALSE,FALSE,FALSE,FALSE,FALSE,FALSE,611
"MITGARD","genome_3x","full_COI_Bpul",6,0.15444445,10047,0.389248046875,0.346106607713093,0,"none","none","none","genome",34.6106607713093,0,1.00203640225953,FALSE,FALSE,FALSE,FALSE,FALSE,FALSE,1773
"MITGARD","genome_3x","full_COI_Ecy",6,0.2480555,10032,0.621064453125,0.340103199019998,0,"none","none","none","genome",34.0103199019998,0,1.00138752348664,FALSE,FALSE,FALSE,FALSE,FALSE,FALSE,1771
"MITGARD","genome_3x","full_mt_genom_Bpul",17,0.230277833333333,119535,0.620908203125,0.625745962833665,15,"B. pullus","Mitogenome","B. pullus","genome",62.5745962833665,15,2.07749508588093,FALSE,FALSE,TRUE,TRUE,TRUE,TRUE,28527
"MITGARD","genome_3x","full_mt_genom_Bpul_Eve",40,0.14694445,13432,0.620625,0.25421961120321,0,"B. pullus","Related mitogenome","B. pullus","genome",25.421961120321,0,1.12814068312999,FALSE,FALSE,FALSE,TRUE,TRUE,TRUE,594
"MITGARD","genome_3x","full_mt_genom_Ecy",47,0.295833333333333,217772,0.620625,0.400701832027503,14,"E. cyaneus","Mitogenome","E. cyaneus","genome",40.0701832027503,14,2.3380020396658,TRUE,FALSE,TRUE,TRUE,TRUE,TRUE,11560
"MITGARD","genome_3x","full_mt_genom_Eve",72,0.263888833333333,45204,0.62068359375,0.444735372470115,7,"E. cyaneus","Related mitogenome","E. cyaneus","genome",44.4735372470115,7,1.65517686625089,FALSE,FALSE,FALSE,TRUE,TRUE,TRUE,1969
"MITGARD","genome_3x","part_COI_Bpul",6,0.150277783333333,4560,0.380498046875,0.21803453341349,0,"B. pullus","Folmer region COI","B. pullus","genome",21.803453341349,0,0.658964842664435,FALSE,FALSE,FALSE,TRUE,TRUE,TRUE,851
"MITGARD","genome_3x","part_COI_Ecy",6,0.274166666666667,4554,0.62068359375,0.311573859656155,0,"E. cyaneus","Folmer region COI","E. cyaneus","genome",31.1573859656155,0,0.658393026279124,FALSE,FALSE,FALSE,TRUE,TRUE,TRUE,855
"MITGARD","genome_NCBI","full_COI_Ecy",15,1.60166666666667,12991,0.620888671875,0.269656744061265,0,"none","none","none","genome",26.9656744061265,0,1.11364258277174,FALSE,FALSE,FALSE,FALSE,FALSE,FALSE,1774
"MITGARD","genome_NCBI","full_mt_genom_Ecy",70,1.68,107140,0.620947265625,0.409232246193233,0,"E. cyaneus","Mitogenome","E. cyaneus","genome",40.9232246193233,0,2.02995164203684,FALSE,FALSE,FALSE,FALSE,FALSE,FALSE,14798
"MITGARD","genome_NCBI","full_mt_genom_Eve",74,1.5775,61842,0.442109375,0.468800878673743,0,"E. cyaneus","Related mitogenome","E. cyaneus","genome",46.8800878673743,0,1.79128352642965,FALSE,FALSE,FALSE,FALSE,FALSE,FALSE,4544
"MITGARD","genome_NCBI","part_COI_Ecy",8,1.5625,5338,0.621044921875,0.264645204565923,0,"E. cyaneus","Folmer region COI","E. cyaneus","genome",26.4645204565923,0,0.727378569451489,FALSE,FALSE,FALSE,FALSE,FALSE,FALSE,871
"MITGARD","genome_NCBI_50p","full_COI_Ecy",13,0.7394445,12002,0.62072265625,0.28438235944419,0,"none","none","none","genome",28.438235944419,0,1.07925362243008,FALSE,FALSE,FALSE,FALSE,FALSE,FALSE,1772
"MITGARD","genome_NCBI_50p","full_mt_genom_Ecy",45,0.77,100902,0.62087890625,0.36503306838979,0,"E. cyaneus","Mitogenome","E. cyaneus","genome",36.503306838979,0,2.00389977456551,FALSE,FALSE,FALSE,FALSE,FALSE,FALSE,14634
"MITGARD","genome_NCBI_50p","full_mt_genom_Eve",61,0.7730555,55404,0.414306640625,0.489333156162455,0,"E. cyaneus","Related mitogenome","E. cyaneus","genome",48.9333156162455,0,1.74354112059877,FALSE,FALSE,FALSE,FALSE,FALSE,FALSE,4541
"MITGARD","genome_NCBI_50p","part_COI_Ecy",9,0.694166666666667,5490,0.62078125,0.256022856187653,0,"E. cyaneus","Folmer region COI","E. cyaneus","genome",25.6022856187653,0,0.739572344450092,FALSE,FALSE,FALSE,FALSE,FALSE,FALSE,871
"MITGARD","transcriptome","full_COI_Ecy",20,0.41,13288,0.621015625,0.234773859691861,1,"none","none","none","transcriptome",23.4773859691861,1,1.12345961944334,FALSE,FALSE,FALSE,FALSE,FALSE,FALSE,1704
"MITGARD","transcriptome","full_mt_genom_Bpul",360,1.78027833333333,267661,4.6466015625,0.273826369579033,15,"B. pullus","Mitogenome","B. pullus","transcriptome",27.3826369579033,15,2.4275850961825,FALSE,FALSE,TRUE,FALSE,FALSE,FALSE,12346
"MITGARD","transcriptome","full_mt_genom_Ecy",269,1.23388883333333,164932,3.973369140625,0.319949548403803,15,"E. cyaneus","Mitogenome","E. cyaneus","transcriptome",31.9949548403803,15,2.21730492535434,FALSE,FALSE,TRUE,FALSE,FALSE,FALSE,9913
"MITGARD","transcriptome","full_mt_genom_Eve",255,0.5175,115537,1.5846875,0.308934742506505,0,"E. cyaneus","Related mitogenome","E. cyaneus","transcriptome",30.8934742506505,0,2.06272108658811,FALSE,FALSE,FALSE,FALSE,FALSE,FALSE,2465
"MITGARD","transcriptome","full_mt_genom_EveS_EveS",335,2.30222166666667,220200,5.3501953125,0.34369,15,"E. verrucosus","Mitogenome","E. verrucosus","transcriptome",34.369,15,2.34281731463573,FALSE,FALSE,TRUE,FALSE,FALSE,FALSE,4162
"MITGARD","transcriptome","part_COI_Ecy",14,0.3344445,7521,0.385595703125,0.154191880229005,1,"E. cyaneus","Folmer region COI","E. cyaneus","transcriptome",15.4191880229005,1,0.876275588677879,FALSE,FALSE,FALSE,FALSE,FALSE,FALSE,1225
"MITGARD","transcriptome_10p","full_COI_Ecy",4,0.05,4605,0.18005859375,0.303846641445328,1,"none","none","none","transcriptome",30.3846641445328,1,0.663229634532868,FALSE,FALSE,FALSE,FALSE,FALSE,FALSE,1731
"MITGARD","transcriptome_10p","full_mt_genom_Ecy",54,0.15194445,106119,0.620966796875,0.410039500294165,0,"E. cyaneus","Mitogenome","E. cyaneus","transcriptome",41.0039500294165,0,2.02579314880626,FALSE,FALSE,FALSE,FALSE,FALSE,FALSE,12862
"MITGARD","transcriptome_10p","full_mt_genom_Eve",50,0.0372222166666667,20381,0.176865234375,0.498578754045868,7,"E. cyaneus","Related mitogenome","E. cyaneus","transcriptome",49.8578754045868,7,1.3092254889848,FALSE,FALSE,FALSE,FALSE,FALSE,FALSE,1776
"MITGARD","transcriptome_10p","part_COI_Ecy",2,0.03194445,1466,0.127041015625,0.397412881948638,0,"E. cyaneus","Folmer region COI","E. cyaneus","transcriptome",39.7412881948638,0,0.166133970305109,FALSE,FALSE,FALSE,FALSE,FALSE,FALSE,813
"MITGARD","transcriptome_1p","full_COI_Ecy",4,0.00666666666666667,2194,0.1149609375,0.348216882064008,0,"none","none","none","transcriptome",34.8216882064008,0,0.341236623238692,FALSE,FALSE,FALSE,FALSE,FALSE,FALSE,611
"MITGARD","transcriptome_1p","full_mt_genom_Ecy",57,0.0233333333333333,93459,0.3968359375,0.40215885415964,0,"E. cyaneus","Mitogenome","E. cyaneus","transcriptome",40.215885415964,0,1.97062112981471,FALSE,FALSE,FALSE,FALSE,FALSE,FALSE,3668
"MITGARD","transcriptome_1p","full_mt_genom_Eve",39,0.00527777833333333,12561,0.126181640625,0.478318899642558,1,"E. cyaneus","Related mitogenome","E. cyaneus","transcriptome",47.8318899642558,1,1.09902421561089,FALSE,FALSE,FALSE,FALSE,FALSE,FALSE,1022
"MITGARD","transcriptome_1p","part_COI_Ecy",2,0.00472222166666667,1411,0.1269140625,0.401374391092555,0,"E. cyaneus","Folmer region COI","E. cyaneus","transcriptome",40.1374391092555,0,0.149527013754348,FALSE,FALSE,FALSE,FALSE,FALSE,FALSE,758
"MITGARD","transcriptome_our","full_COI_Ecy",21,0.321388833333333,15722,0.61275390625,0.234993768535436,0,"none","none","none","transcriptome",23.4993768535436,0,1.1965077919397,FALSE,FALSE,FALSE,FALSE,FALSE,FALSE,1670
"MITGARD","transcriptome_our","full_mt_genom_Ecy",268,0.869166666666667,182849,2.819814453125,0.36088769398871,0,"E. cyaneus","Mitogenome","E. cyaneus","transcriptome",36.088769398871,0,2.26209258952684,FALSE,FALSE,FALSE,FALSE,FALSE,FALSE,5401
"MITGARD","transcriptome_our","full_mt_genom_Eve",200,0.473611166666667,76895,1.62533203125,0.317180190137223,0,"E. cyaneus","Related mitogenome","E. cyaneus","transcriptome",31.7180190137223,0,1.88589810127079,FALSE,FALSE,FALSE,FALSE,FALSE,FALSE,1300
"MITGARD","transcriptome_our","part_COI_Ecy",8,0.320833333333333,5570,0.38349609375,0.249499738082328,0,"E. cyaneus","Folmer region COI","E. cyaneus","transcriptome",24.9499738082328,0,0.745855195173729,FALSE,FALSE,FALSE,FALSE,FALSE,FALSE,774
"MITObim","genome","full_COI_Bpul",1,23.6083333333333,15987,0.826015625,0.99088061901253,0,"none","none","none","genome",99.088061901253,0,1.20376697496057,FALSE,FALSE,FALSE,FALSE,FALSE,FALSE,15987
"MITObim","genome","full_COI_Ecy",1,2.55,4219,0.333095703125,0.64411602794991,4,"none","none","none","genome",64.411602794991,4,0.625209525381881,FALSE,FALSE,FALSE,FALSE,FALSE,FALSE,4219
"MITObim","genome","full_COI_EveS",1,8.63333333333333,8414,0.3234375,0.76275591445375,0,"none","none","none","genome",76.275591445375,0,0.925002507680978,FALSE,FALSE,FALSE,FALSE,FALSE,FALSE,8414
"MITObim","genome","full_mt_genom_Bpul",1,2.449445,16284,0.823798828125,1,0,"B. pullus","Mitogenome","B. pullus","genome",100,0,1.21176109370736,FALSE,FALSE,FALSE,FALSE,FALSE,FALSE,16934
"MITObim","genome","full_mt_genom_Bpul_Eve",1,1.34666666666667,15322,0.309267578125,0,0,"B. pullus","Related mitogenome","B. pullus","genome",0,0,1.18531545800366,FALSE,FALSE,FALSE,FALSE,FALSE,FALSE,15322
"MITObim","genome","full_mt_genom_Ecy",1,0.683333333333333,14520,0.353798828125,0.994627020825065,15,"E. cyaneus","Mitogenome","E. cyaneus","genome",99.4627020825065,15,1.16196661636407,FALSE,TRUE,FALSE,FALSE,FALSE,FALSE,14520
"MITObim","genome","full_mt_genom_Eve",1,8.88333333333333,15520,1.1516796875,0.965486650650098,15,"E. cyaneus","Related mitogenome","E. cyaneus","genome",96.5486650650098,15,1.19089171692217,FALSE,FALSE,FALSE,FALSE,FALSE,FALSE,14802
"MITObim","genome","full_mt_genom_EveS_Ecy",1,2.19361166666667,14736,0.32943359375,0.894364510561105,15,"E. verrucosus","Related mitogenome","E. verrucosus","genome",89.4364510561105,15,1.16837961285277,FALSE,FALSE,FALSE,TRUE,TRUE,TRUE,14736
"MITObim","genome","full_mt_genom_EveS_EveS",1,0.266111166666667,15601,0.328095703125,1,15,"E. verrucosus","Mitogenome","E. verrucosus","genome",100,15,1.19315243685208,FALSE,FALSE,TRUE,TRUE,TRUE,TRUE,15601
"MITObim","genome","part_COI_Bpul",1,24.35695,15935,0.826220703125,0.98928395971506,0,"B. pullus","Folmer region COI","B. pullus","genome",98.928395971506,0,1.20235206780975,FALSE,FALSE,FALSE,FALSE,FALSE,FALSE,15935
"MITObim","genome","part_COI_Ecy",1,3.05,4254,0.32697265625,0.64268511129891,4,"E. cyaneus","Folmer region COI","E. cyaneus","genome",64.268511129891,4,0.62879748556671,FALSE,FALSE,FALSE,FALSE,FALSE,FALSE,4254
"MITObim","genome","part_COI_EveS",1,9.39,9787,0.330185546875,0.807388916515853,10,"E. verrucosus","Folmer region COI","E. verrucosus","genome",80.7388916515853,10,0.990649588318854,FALSE,FALSE,FALSE,TRUE,TRUE,TRUE,9787
"MITObim","genome_10p","full_COI_Ecy",1,0.0525,1648,0.30572265625,0.54178481666903,0,"none","none","none","genome",54.178481666903,0,0.216957207361097,FALSE,FALSE,FALSE,FALSE,FALSE,FALSE,1648
"MITObim","genome_10p","full_mt_genom_Ecy",1,0.0552777833333333,14386,0.31421875,0.9965575487496,15,"E. cyaneus","Mitogenome","E. cyaneus","genome",99.65575487496,15,1.15794005596477,FALSE,TRUE,FALSE,FALSE,FALSE,FALSE,14386
"MITObim","genome_10p","full_mt_genom_Eve",1,0.464722166666667,14323,0.322490234375,0.877289497098723,0,"E. cyaneus","Related mitogenome","E. cyaneus","genome",87.7289497098723,0,1.15603399192362,FALSE,FALSE,FALSE,FALSE,FALSE,FALSE,14323
"MITObim","genome_10p","part_COI_Ecy",1,0.175833333333333,1648,0.305166015625,0.54178481666903,0,"E. cyaneus","Folmer region COI","E. cyaneus","genome",54.178481666903,0,0.216957207361097,FALSE,FALSE,FALSE,FALSE,FALSE,FALSE,1648
"MITObim","genome_16p","full_COI_Ecy",1,0.413333333333333,3189,0.30662109375,0.607607619747163,0,"none","none","none","genome",60.7607619747163,0,0.503654519242959,FALSE,FALSE,FALSE,FALSE,FALSE,FALSE,3189
"MITObim","genome_16p","full_mt_genom_Ecy",1,0.0875,14520,0.316005859375,0.994730865784433,15,"E. cyaneus","Mitogenome","E. cyaneus","genome",99.4730865784433,15,1.16196661636407,FALSE,TRUE,FALSE,FALSE,FALSE,FALSE,14520
"MITObim","genome_16p","full_mt_genom_Eve",1,0.445833333333333,15357,0.31765625,0.887647211399998,0,"E. cyaneus","Related mitogenome","E. cyaneus","genome",88.7647211399998,0,1.18630638426991,FALSE,FALSE,FALSE,FALSE,FALSE,FALSE,15357
"MITObim","genome_16p","part_COI_Ecy",1,0.525277833333333,4189,0.30744140625,0.64035962231998,0,"E. cyaneus","Folmer region COI","E. cyaneus","genome",64.035962231998,0,0.622110360361219,FALSE,FALSE,FALSE,FALSE,FALSE,FALSE,4189
"MITObim","genome_1p","full_COI_Ecy",1,0.00472222166666667,1508,0.27330078125,0.552470424495475,0,"none","none","none","genome",55.2470424495475,0,0.178401341533755,FALSE,FALSE,FALSE,FALSE,FALSE,FALSE,1508
"MITObim","genome_1p","full_mt_genom_Ecy",1,0,14148,0.009560546875,0.784639736032388,6,"E. cyaneus","Mitogenome","E. cyaneus","genome",78.4639736032388,6,1.15069505114271,FALSE,TRUE,FALSE,FALSE,FALSE,FALSE,14148
"MITObim","genome_1p","full_mt_genom_Eve",1,0.010555555,12798,0.301416015625,0.490046167834813,0,"E. cyaneus","Related mitogenome","E. cyaneus","genome",49.0046167834813,0,1.10714210583307,FALSE,FALSE,FALSE,FALSE,FALSE,FALSE,12798
"MITObim","genome_1p","part_COI_Ecy",1,0.00472222166666667,754,0.27328125,0.52100077711265,0,"E. cyaneus","Folmer region COI","E. cyaneus","genome",52.100077711265,0,0,FALSE,FALSE,FALSE,FALSE,FALSE,FALSE,754
"MITObim","genome_3x","full_COI_Bpul",1,5.23138833333333,15645,0.390625,0.980379513633015,15,"none","none","none","genome",98.0379513633015,15,1.19437556748221,FALSE,FALSE,FALSE,FALSE,FALSE,FALSE,15645
"MITObim","genome_3x","full_COI_Ecy",1,1.2775,4132,0.3148046875,0.643382242975545,4,"none","none","none","genome",64.3382242975545,4,0.616160312847583,FALSE,FALSE,FALSE,FALSE,FALSE,FALSE,4132
"MITObim","genome_3x","full_mt_genom_Bpul",1,0.868333333333333,16321,0.390234375,1,15,"B. pullus","Mitogenome","B. pullus","genome",100,15,1.21274676478407,FALSE,FALSE,TRUE,TRUE,TRUE,TRUE,16321
"MITObim","genome_3x","full_mt_genom_Bpul_Eve",1,0.2,15320,0.3082421875,0,0,"B. pullus","Related mitogenome","B. pullus","genome",0,0,1.18525876529659,FALSE,FALSE,FALSE,TRUE,TRUE,TRUE,15320
"MITObim","genome_3x","full_mt_genom_Ecy",1,0.3530555,14522,0.338603515625,0.99262057893684,15,"E. cyaneus","Mitogenome","E. cyaneus","genome",99.262057893684,15,1.16202643242118,TRUE,FALSE,TRUE,TRUE,TRUE,TRUE,14522
"MITObim","genome_3x","full_mt_genom_Eve",1,1.889445,15376,0.337421875,0.958502344298195,15,"E. cyaneus","Related mitogenome","E. cyaneus","genome",95.8502344298195,15,1.18684337032447,FALSE,FALSE,FALSE,TRUE,TRUE,TRUE,15376
"MITObim","genome_3x","part_COI_Bpul",1,5.540555,15646,0.3960546875,0.980378887601398,15,"B. pullus","Folmer region COI","B. pullus","genome",98.0378887601398,15,1.19440332591001,FALSE,FALSE,FALSE,TRUE,TRUE,TRUE,15646
"MITObim","genome_3x","part_COI_Ecy",1,1.61138883333333,4095,0.315244140625,0.6420921052967,4,"E. cyaneus","Folmer region COI","E. cyaneus","genome",64.20921052967,4,0.612253906096437,FALSE,FALSE,FALSE,TRUE,TRUE,TRUE,4095
"MITObim","genome_NCBI","full_COI_Ecy",1,22.56555,15673,0.70099609375,0.96895935685574,0,"none","none","none","genome",96.895935685574,0,1.19515213359329,FALSE,FALSE,FALSE,FALSE,FALSE,FALSE,15673
"MITObim","genome_NCBI","full_mt_genom_Ecy",1,1.51833333333333,14754,0.67685546875,0.986986579910535,0,"E. cyaneus","Mitogenome","E. cyaneus","genome",98.6986579910535,0,1.16890977912236,FALSE,FALSE,FALSE,FALSE,FALSE,FALSE,14754
"MITObim","genome_NCBI","full_mt_genom_Eve",1,6.44388833333333,16867,0.699931640625,0.919020377154288,0,"E. cyaneus","Related mitogenome","E. cyaneus","genome",91.9020377154288,0,1.22703784493023,FALSE,FALSE,FALSE,FALSE,FALSE,FALSE,16867
"MITObim","genome_NCBI","part_COI_Ecy",1,23.97555,15556,0.70087890625,0.969915145281565,0,"E. cyaneus","Folmer region COI","E. cyaneus","genome",96.9915145281565,0,1.19189793447542,FALSE,FALSE,FALSE,FALSE,FALSE,FALSE,15556
"MITObim","genome_NCBI_50p","full_COI_Ecy",1,10.7983333333333,15435,0.478046875,0.97055393586006,15,"none","none","none","genome",97.055393586006,15,1.18850663381811,FALSE,FALSE,FALSE,FALSE,FALSE,FALSE,15435
"MITObim","genome_NCBI_50p","full_mt_genom_Ecy",1,0.182777833333333,14651,0.467763671875,0.9885148538577,0,"E. cyaneus","Mitogenome","E. cyaneus","genome",98.85148538577,0,1.16586726835294,FALSE,FALSE,FALSE,FALSE,FALSE,FALSE,14651
"MITObim","genome_NCBI_50p","full_mt_genom_Eve",1,0.170833333333333,16115,0.308076171875,0.94585789636984,0,"E. cyaneus","Related mitogenome","E. cyaneus","genome",94.585789636984,0,1.20723030984835,FALSE,FALSE,FALSE,FALSE,FALSE,FALSE,16115
"MITObim","genome_NCBI_50p","part_COI_Ecy",1,11.5002783333333,15561,0.4791796875,0.969571364308205,15,"E. cyaneus","Folmer region COI","E. cyaneus","genome",96.9571364308205,15,1.19203750271325,FALSE,FALSE,FALSE,FALSE,FALSE,FALSE,15561
"MITObim","transcriptome","full_COI_Ecy",1,0.6394445,1751,3.467421875,0.510471071903638,0,"none","none","none","transcriptome",51.0471071903638,0,0.243286146083446,FALSE,FALSE,FALSE,FALSE,FALSE,FALSE,1751
"MITObim","transcriptome","full_mt_genom_Bpul",1,24.3008333333333,17639,39.44330078125,0.838882265241258,13,"B. pullus","Mitogenome","B. pullus","transcriptome",83.8882265241258,13,1.24647396022934,FALSE,FALSE,TRUE,FALSE,FALSE,FALSE,17639
"MITObim","transcriptome","full_mt_genom_Ecy",1,26.1238833333333,14925,27.34212890625,0.883198036109568,15,"E. cyaneus","Mitogenome","E. cyaneus","transcriptome",88.3198036109568,15,1.17391433980141,FALSE,FALSE,TRUE,FALSE,FALSE,FALSE,14925
"MITObim","transcriptome","full_mt_genom_Eve",1,32.03305,15747,18.9927734375,0.694415763721043,0,"E. cyaneus","Related mitogenome","E. cyaneus","transcriptome",69.4415763721043,0,1.1971978274878,FALSE,FALSE,FALSE,FALSE,FALSE,FALSE,15747
"MITObim","transcriptome","full_mt_genom_EveS_EveS",0,73.37695,0,21.5692578125,0,0,"E. verrucosus","Mitogenome","E. verrucosus","transcriptome",0,0,0,FALSE,FALSE,TRUE,FALSE,FALSE,FALSE,NA
"MITObim","transcriptome","part_COI_Ecy",1,0.5494445,931,1.6211328125,0.474065008928525,0,"E. cyaneus","Folmer region COI","E. cyaneus","transcriptome",47.4065008928525,0,0,FALSE,FALSE,FALSE,FALSE,FALSE,FALSE,931
"MITObim","transcriptome_10p","full_COI_Ecy",0,0,0,0,0,0,"none","none","none","transcriptome",0,0,0,FALSE,FALSE,FALSE,FALSE,FALSE,FALSE,NA
"MITObim","transcriptome_10p","full_mt_genom_Ecy",1,0.439166666666667,14460,3.6211328125,0.991164706035223,0,"E. cyaneus","Mitogenome","E. cyaneus","transcriptome",99.1164706035223,0,1.16016829295851,FALSE,FALSE,FALSE,FALSE,FALSE,FALSE,14460
"MITObim","transcriptome_10p","full_mt_genom_Eve",1,1.6230555,14392,3.08205078125,0.86878571099772,0,"E. cyaneus","Related mitogenome","E. cyaneus","transcriptome",86.878571099772,0,1.15812115033749,FALSE,FALSE,FALSE,FALSE,FALSE,FALSE,14392
"MITObim","transcriptome_10p","part_COI_Ecy",1,0.603333333333333,3835,0.590810546875,0.624600972255868,0,"E. cyaneus","Folmer region COI","E. cyaneus","transcriptome",62.4600972255868,0,0.583765368285,FALSE,FALSE,FALSE,FALSE,FALSE,FALSE,3835
"MITObim","transcriptome_1p","full_COI_Ecy",0,0,0,0,0,0,"none","none","none","transcriptome",0,0,0,FALSE,FALSE,FALSE,FALSE,FALSE,FALSE,NA
"MITObim","transcriptome_1p","full_mt_genom_Ecy",1,0.0377777833333333,14377,0.453974609375,0.993634177259365,0,"E. cyaneus","Mitogenome","E. cyaneus","transcriptome",99.3634177259365,0,1.15766827273877,FALSE,FALSE,FALSE,FALSE,FALSE,FALSE,14377
"MITObim","transcriptome_1p","full_mt_genom_Eve",1,0.1969445,14251,0.436611328125,0.837511421020303,0,"E. cyaneus","Related mitogenome","E. cyaneus","transcriptome",83.7511421020303,0,1.15384534008096,FALSE,FALSE,FALSE,FALSE,FALSE,FALSE,14251
"MITObim","transcriptome_1p","part_COI_Ecy",1,0.00777777833333333,872,0.312216796875,0.51118302816137,0,"E. cyaneus","Folmer region COI","E. cyaneus","transcriptome",51.118302816137,0,0,FALSE,FALSE,FALSE,FALSE,FALSE,FALSE,872
"MITObim","transcriptome_our","full_COI_Ecy",1,0.6644445,937,1.73939453125,0.486277014175595,0,"none","none","none","transcriptome",48.6277014175595,0,0,FALSE,FALSE,FALSE,FALSE,FALSE,FALSE,1850
"MITObim","transcriptome_our","full_mt_genom_Ecy",1,16.0238883333333,14982,15.14544921875,0.86713222185342,0,"E. cyaneus","Mitogenome","E. cyaneus","transcriptome",86.713222185342,0,1.17556979273499,FALSE,FALSE,FALSE,FALSE,FALSE,FALSE,14982
"MITObim","transcriptome_our","full_mt_genom_Eve",1,79.5697166666667,16243,12.90265625,0.701020290695535,0,"E. cyaneus","Related mitogenome","E. cyaneus","transcriptome",70.1020290695535,0,1.21066624430912,FALSE,FALSE,FALSE,FALSE,FALSE,FALSE,16243
"MITObim","transcriptome_our","part_COI_Ecy",1,0.343611166666667,1850,0.745927734375,0.492832477571518,0,"E. cyaneus","Folmer region COI","E. cyaneus","transcriptome",49.2832477571518,0,0.267171728403014,FALSE,FALSE,FALSE,FALSE,FALSE,FALSE,937
"MitoFinder","genome","full_COI_Bpul",0,0,0,0,0,0,"none","none","none","genome",0,0,0,FALSE,FALSE,FALSE,FALSE,FALSE,FALSE,NA
"MitoFinder","genome","full_COI_Ecy",1,9.48583333333333,11897,14.6123046875,0.911302316291853,1,"none","none","none","genome",91.1302316291853,1,1.07543746158561,FALSE,FALSE,FALSE,FALSE,FALSE,FALSE,11897
"MitoFinder","genome","full_COI_EveS",1,5.85972166666667,10565,10.395771484375,0.804389333592358,0,"none","none","none","genome",80.4389333592358,0,1.02386950138833,FALSE,FALSE,FALSE,FALSE,FALSE,FALSE,10565
"MitoFinder","genome","full_mt_genom_Bpul",7,14.6927783333333,23779,19.749462890625,0.615856775807368,0,"B. pullus","Mitogenome","B. pullus","genome",61.5856775807368,0,1.37619358688428,FALSE,FALSE,FALSE,FALSE,FALSE,FALSE,15811
"MitoFinder","genome","full_mt_genom_Bpul_Eve",0,0,0,0,0,0,"B. pullus","Related mitogenome","B. pullus","genome",0,0,0,FALSE,FALSE,FALSE,FALSE,FALSE,FALSE,NA
"MitoFinder","genome","full_mt_genom_Ecy",2,9.47,13816,14.6124609375,0.84078592773182,14,"E. cyaneus","Mitogenome","E. cyaneus","genome",84.078592773182,14,1.1403823245594,FALSE,TRUE,FALSE,FALSE,FALSE,FALSE,11897
"MitoFinder","genome","full_mt_genom_Eve",2,9.44361166666667,13816,14.612529296875,0.84078592773182,14,"E. cyaneus","Related mitogenome","E. cyaneus","genome",84.078592773182,14,1.1403823245594,FALSE,FALSE,FALSE,FALSE,FALSE,FALSE,11897
"MitoFinder","genome","full_mt_genom_EveS_Ecy",3,6.06916666666667,14819,10.396669921875,0.77909310719395,15,"E. verrucosus","Related mitogenome","E. verrucosus","genome",77.909310719395,15,1.17081889803367,FALSE,FALSE,FALSE,TRUE,TRUE,TRUE,10565
"MitoFinder","genome","full_mt_genom_EveS_EveS",3,5.89472166666667,14819,10.39568359375,0.77909310719395,15,"E. verrucosus","Mitogenome","E. verrucosus","genome",77.909310719395,15,1.17081889803367,FALSE,FALSE,TRUE,TRUE,TRUE,TRUE,10565
"MitoFinder","genome","part_COI_Bpul",2,0,17550,0,0.824902405381405,0,"B. pullus","Folmer region COI","B. pullus","genome",82.4902405381405,0,1.24427712080184,FALSE,FALSE,FALSE,FALSE,FALSE,FALSE,15811
"MitoFinder","genome","part_COI_Ecy",1,9.48277833333333,11897,14.61244140625,0.911302316291853,1,"E. cyaneus","Folmer region COI","E. cyaneus","genome",91.1302316291853,1,1.07543746158561,FALSE,FALSE,FALSE,FALSE,FALSE,FALSE,11897
"MitoFinder","genome","part_COI_EveS",1,5.848055,10565,10.3956640625,0.804389333592358,11,"E. verrucosus","Folmer region COI","E. verrucosus","genome",80.4389333592358,11,1.02386950138833,FALSE,FALSE,FALSE,TRUE,TRUE,TRUE,10565
"MitoFinder","genome_10p","full_COI_Ecy",1,0.849722166666667,2602,2.103115234375,0.587358474317438,0,"none","none","none","genome",58.7358474317438,0,0.415307292225567,FALSE,FALSE,FALSE,FALSE,FALSE,FALSE,2602
"MitoFinder","genome_10p","full_mt_genom_Ecy",5,0.8830555,12759,2.102880859375,0.734808852435573,14,"E. cyaneus","Mitogenome","E. cyaneus","genome",73.4808852435573,14,1.10581663743369,FALSE,TRUE,FALSE,FALSE,FALSE,FALSE,5425
"MitoFinder","genome_10p","full_mt_genom_Eve",5,0.8825,12759,2.10328125,0.734808852435573,0,"E. cyaneus","Related mitogenome","E. cyaneus","genome",73.4808852435573,0,1.10581663743369,FALSE,FALSE,FALSE,FALSE,FALSE,FALSE,5425
"MitoFinder","genome_10p","part_COI_Ecy",1,0.846388833333333,2602,2.10306640625,0.587358474317438,0,"E. cyaneus","Folmer region COI","E. cyaneus","genome",58.7358474317438,0,0.415307292225567,FALSE,FALSE,FALSE,FALSE,FALSE,FALSE,2602
"MitoFinder","genome_16p","full_COI_Ecy",1,1.37388883333333,4098,3.204365234375,0.638511784861703,0,"none","none","none","genome",63.8511784861703,0,0.612571954065176,FALSE,FALSE,FALSE,FALSE,FALSE,FALSE,4098
"MitoFinder","genome_16p","full_mt_genom_Ecy",3,1.4144445,13002,3.204609375,0.782987280903308,14,"E. cyaneus","Mitogenome","E. cyaneus","genome",78.2987280903308,14,1.11401016170346,FALSE,TRUE,FALSE,FALSE,FALSE,FALSE,5446
"MitoFinder","genome_16p","full_mt_genom_Eve",3,1.40388883333333,13002,3.204716796875,0.782987280903308,0,"E. cyaneus","Related mitogenome","E. cyaneus","genome",78.2987280903308,0,1.11401016170346,FALSE,FALSE,FALSE,FALSE,FALSE,FALSE,5446
"MitoFinder","genome_16p","part_COI_Ecy",1,1.365,4098,3.204169921875,0.638511784861703,0,"E. cyaneus","Folmer region COI","E. cyaneus","genome",63.8511784861703,0,0.612571954065176,FALSE,FALSE,FALSE,FALSE,FALSE,FALSE,4098
"MitoFinder","genome_1p","full_COI_Ecy",0,0.0813888833333333,0,0.470771484375,0,0,"none","none","none","genome",0,0,0,FALSE,FALSE,FALSE,FALSE,FALSE,FALSE,NA
"MitoFinder","genome_1p","full_mt_genom_Ecy",0,0.0825,0,0.454560546875,0,0,"E. cyaneus","Mitogenome","E. cyaneus","genome",0,0,0,FALSE,TRUE,FALSE,FALSE,FALSE,FALSE,NA
"MitoFinder","genome_1p","full_mt_genom_Eve",0,0.0816666666666667,0,0.458701171875,0,0,"E. cyaneus","Related mitogenome","E. cyaneus","genome",0,0,0,FALSE,FALSE,FALSE,FALSE,FALSE,FALSE,NA
"MitoFinder","genome_1p","part_COI_Ecy",0,0.0813888833333333,0,0.470771484375,0,0,"E. cyaneus","Folmer region COI","E. cyaneus","genome",0,0,0,FALSE,FALSE,FALSE,FALSE,FALSE,FALSE,NA
"MitoFinder","genome_3x","full_COI_Bpul",0,0,0,0,0,0,"none","none","none","genome",0,0,0,FALSE,FALSE,FALSE,FALSE,FALSE,FALSE,NA
"MitoFinder","genome_3x","full_COI_Ecy",0,0,0,0,0,0,"none","none","none","genome",0,0,0,FALSE,FALSE,FALSE,FALSE,FALSE,FALSE,NA
"MitoFinder","genome_3x","full_mt_genom_Bpul",1,2.87027833333333,15831,7.171787109375,0.986059496825978,15,"B. pullus","Mitogenome","B. pullus","genome",98.6059496825978,15,1.19950834889679,FALSE,FALSE,TRUE,TRUE,TRUE,TRUE,15831
"MitoFinder","genome_3x","full_mt_genom_Bpul_Eve",0,2.814445,0,7.171484375,0,0,"B. pullus","Related mitogenome","B. pullus","genome",0,0,0,FALSE,FALSE,FALSE,TRUE,TRUE,TRUE,NA
"MitoFinder","genome_3x","full_mt_genom_Ecy",2,4.55888833333333,13500,8.69126953125,0.84142832476398,14,"E. cyaneus","Mitogenome","E. cyaneus","genome",84.142832476398,14,1.13033376849501,TRUE,FALSE,TRUE,TRUE,TRUE,TRUE,11620
"MitoFinder","genome_3x","full_mt_genom_Eve",2,4.60027833333333,13500,8.69107421875,0.84142832476398,14,"E. cyaneus","Related mitogenome","E. cyaneus","genome",84.142832476398,14,1.13033376849501,FALSE,FALSE,FALSE,TRUE,TRUE,TRUE,11620
"MitoFinder","genome_3x","part_COI_Bpul",1,2.83861166666667,15831,7.171162109375,0.986059496825978,15,"B. pullus","Folmer region COI","B. pullus","genome",98.6059496825978,15,1.19950834889679,FALSE,FALSE,FALSE,TRUE,TRUE,TRUE,15831
"MitoFinder","genome_3x","part_COI_Ecy",1,4.54111166666667,11620,8.69150390625,0.902213296969568,12,"E. cyaneus","Folmer region COI","E. cyaneus","genome",90.2213296969568,12,1.06520612805431,FALSE,FALSE,FALSE,TRUE,TRUE,TRUE,11620
"MitoFinder","genome_NCBI","full_COI_Ecy",3,22.1027833333333,19588,23.4278125,0.700088489551428,0,"none","none","none","genome",70.0088489551428,0,1.29199009534618,FALSE,FALSE,FALSE,FALSE,FALSE,FALSE,15374
"MitoFinder","genome_NCBI","full_mt_genom_Ecy",6,22.1963833333333,27339,23.432021484375,0.554441457258863,0,"E. cyaneus","Mitogenome","E. cyaneus","genome",55.4441457258863,0,1.43678262499316,FALSE,FALSE,FALSE,FALSE,FALSE,FALSE,15374
"MitoFinder","genome_NCBI","full_mt_genom_Eve",3,22.1566666666667,20550,23.42736328125,0.682919708029198,0,"E. cyaneus","Related mitogenome","E. cyaneus","genome",68.2919708029198,0,1.31281182621209,FALSE,FALSE,FALSE,FALSE,FALSE,FALSE,15374
"MitoFinder","genome_NCBI","part_COI_Ecy",1,22.11695,15374,23.429326171875,0.967282424873165,0,"E. cyaneus","Folmer region COI","E. cyaneus","genome",96.7282424873165,0,1.18678687673325,FALSE,FALSE,FALSE,FALSE,FALSE,FALSE,15374
"MitoFinder","genome_NCBI_50p","full_COI_Ecy",1,22.1027833333333,15372,23.4278125,0.971344002081705,0,"none","none","none","genome",97.1344002081705,0,1.18673037579231,FALSE,FALSE,FALSE,FALSE,FALSE,FALSE,NA
"MitoFinder","genome_NCBI_50p","full_mt_genom_Ecy",5,22.1963833333333,22368,23.432021484375,0.62392256795422,0,"E. cyaneus","Mitogenome","E. cyaneus","genome",62.392256795422,0,1.34962715406559,FALSE,FALSE,FALSE,FALSE,FALSE,FALSE,NA
"MitoFinder","genome_NCBI_50p","full_mt_genom_Eve",3,22.1566666666667,19388,23.42736328125,0.707043875937008,0,"E. cyaneus","Related mitogenome","E. cyaneus","genome",70.7043875937008,0,1.28753301105072,FALSE,FALSE,FALSE,FALSE,FALSE,FALSE,NA
"MitoFinder","genome_NCBI_50p","part_COI_Ecy",1,22.11695,15372,23.429326171875,0.971344002081705,0,"E. cyaneus","Folmer region COI","E. cyaneus","genome",97.1344002081705,0,1.18673037579231,FALSE,FALSE,FALSE,FALSE,FALSE,FALSE,NA
"MitoFinder","transcriptome","full_COI_Ecy",6,0.922222166666667,13984,5.6076953125,0.41410925539318,0,"none","none","none","transcriptome",41.410925539318,0,1.14563141529033,FALSE,FALSE,FALSE,FALSE,FALSE,FALSE,3791
"MitoFinder","transcriptome","full_mt_genom_Bpul",83,1.4219445,171738,5.9933203125,0.273482617589815,14,"B. pullus","Mitogenome","B. pullus","transcriptome",27.3482617589815,14,2.23486640095224,FALSE,FALSE,TRUE,FALSE,FALSE,FALSE,9100
"MitoFinder","transcriptome","full_mt_genom_Ecy",43,1.12277783333333,91171,5.60724609375,0.25727665209684,12,"E. cyaneus","Mitogenome","E. cyaneus","transcriptome",25.727665209684,12,1.95985671834134,FALSE,FALSE,TRUE,FALSE,FALSE,FALSE,4698
"MitoFinder","transcriptome","full_mt_genom_Eve",20,0.947777833333333,39145,5.6074609375,0.303675036224493,0,"E. cyaneus","Related mitogenome","E. cyaneus","transcriptome",30.3675036224493,0,1.59267629740073,FALSE,FALSE,FALSE,FALSE,FALSE,FALSE,4340
"MitoFinder","transcriptome","full_mt_genom_EveS_EveS",42,0.957777833333333,104979,6.446826171875,0.29896,15,"E. verrucosus","Mitogenome","E. verrucosus","transcriptome",29.896,15,2.02110243148651,FALSE,FALSE,TRUE,FALSE,FALSE,FALSE,7684
"MitoFinder","transcriptome","part_COI_Ecy",3,0.8425,10681,5.607470703125,0.412741666225258,0,"E. cyaneus","Folmer region COI","E. cyaneus","transcriptome",41.2741666225258,0,1.02861191506623,FALSE,FALSE,FALSE,FALSE,FALSE,FALSE,3791
"MitoFinder","transcriptome_10p","full_COI_Ecy",2,0.13555555,7316,0.581220703125,0.557774011679913,0,"none","none","none","transcriptome",55.7774011679913,0,0.864273696804379,FALSE,FALSE,FALSE,FALSE,FALSE,FALSE,6129
"MitoFinder","transcriptome_10p","full_mt_genom_Ecy",11,0.2119445,29720,0.581220703125,0.51198017337924,0,"E. cyaneus","Mitogenome","E. cyaneus","transcriptome",51.198017337924,0,1.47304880508854,FALSE,FALSE,FALSE,FALSE,FALSE,FALSE,6129
"MitoFinder","transcriptome_10p","full_mt_genom_Eve",7,0.1844445,21979,0.58123046875,0.609826369137498,0,"E. cyaneus","Related mitogenome","E. cyaneus","transcriptome",60.9826369137498,0,1.34200792901734,FALSE,FALSE,FALSE,FALSE,FALSE,FALSE,6129
"MitoFinder","transcriptome_10p","part_COI_Ecy",2,0.135277783333333,7316,0.581162109375,0.557774011679913,0,"E. cyaneus","Folmer region COI","E. cyaneus","transcriptome",55.7774011679913,0,0.864273696804379,FALSE,FALSE,FALSE,FALSE,FALSE,FALSE,6129
"MitoFinder","transcriptome_1p","full_COI_Ecy",1,0.0216666666666667,2306,0.079599609375,0.574575145410508,0,"none","none","none","transcriptome",57.4575145410508,0,0.36285930295868,FALSE,FALSE,FALSE,FALSE,FALSE,FALSE,2306
"MitoFinder","transcriptome_1p","full_mt_genom_Ecy",8,1.12277783333333,14534,5.60724609375,0.721669149147455,0,"E. cyaneus","Mitogenome","E. cyaneus","transcriptome",72.1669149147455,0,1.16238515585724,FALSE,FALSE,FALSE,FALSE,FALSE,FALSE,2306
"MitoFinder","transcriptome_1p","full_mt_genom_Eve",5,0.947777833333333,9323,5.6074609375,0.617051774664628,0,"E. cyaneus","Related mitogenome","E. cyaneus","transcriptome",61.7051774664628,0,0.969555684220843,FALSE,FALSE,FALSE,FALSE,FALSE,FALSE,2306
"MitoFinder","transcriptome_1p","part_COI_Ecy",1,0.8425,2306,5.607470703125,0.574575145410508,0,"E. cyaneus","Folmer region COI","E. cyaneus","transcriptome",57.4575145410508,0,0.36285930295868,FALSE,FALSE,FALSE,FALSE,FALSE,FALSE,2306
"MitoFinder","transcriptome_our","full_COI_Ecy",1,0.577222166666667,6549,4.99955078125,0.702974700754325,0,"none","none","none","transcriptome",70.2974700754325,0,0.816174990428802,FALSE,FALSE,FALSE,FALSE,FALSE,FALSE,6549
"MitoFinder","transcriptome_our","full_mt_genom_Ecy",6,0.680833333333333,26166,4.998974609375,0.550683375501628,0,"E. cyaneus","Mitogenome","E. cyaneus","transcriptome",55.0683375501628,0,1.41773733705707,FALSE,FALSE,FALSE,FALSE,FALSE,FALSE,6549
"MitoFinder","transcriptome_our","full_mt_genom_Eve",5,0.637777833333333,24694,4.99873046875,0.575061196906808,0,"E. cyaneus","Related mitogenome","E. cyaneus","transcriptome",57.5061196906808,0,1.39259144380895,FALSE,FALSE,FALSE,FALSE,FALSE,FALSE,6549
"MitoFinder","transcriptome_our","part_COI_Ecy",1,0.638611166666667,6549,4.999912109375,0.702974700754325,0,"E. cyaneus","Folmer region COI","E. cyaneus","transcriptome",70.2974700754325,0,0.816174990428802,FALSE,FALSE,FALSE,FALSE,FALSE,FALSE,6549
"MitoZ","genome","de_novo",1,4.24777833333333,8818,24.517958984375,0.804349346792235,9,"E. cyaneus","De novo","E. cyaneus","genome",80.4349346792235,9,0.945370094490304,FALSE,TRUE,FALSE,FALSE,FALSE,FALSE,8818
"MitoZ","genome","de_novo_Bpul",1,7.239445,15881,33.033154296875,0.98762589044461,0,"B. pullus","De novo","B. pullus","genome",98.762589044461,0,1.20087784574903,FALSE,FALSE,FALSE,FALSE,FALSE,FALSE,15881
"MitoZ","genome","de_novo_EveS",2,2.28666666666667,11278,12.300185546875,0.734045114150098,12,"E. verrucosus","De novo","E. verrucosus","genome",73.4045114150098,12,1.05223209025233,FALSE,FALSE,TRUE,FALSE,TRUE,TRUE,9792
"MitoZ","genome_10p","de_novo",2,0.327777833333333,5478,2.81294921875,0.562579774402223,5,"E. cyaneus","De novo","E. cyaneus","genome",56.2579774402223,5,0.738622027917943,FALSE,TRUE,FALSE,FALSE,FALSE,FALSE,4091
"MitoZ","genome_16p","de_novo",2,0.546666666666667,6570,4.411416015625,0.601826881218165,7,"E. cyaneus","De novo","E. cyaneus","genome",60.1826881218165,7,0.817565369559781,FALSE,TRUE,FALSE,FALSE,FALSE,FALSE,3998
"MitoZ","genome_1p","de_novo",0,0.03055555,0,0.54056640625,0,0,"E. cyaneus","De novo","E. cyaneus","genome",0,0,0,FALSE,TRUE,FALSE,FALSE,FALSE,FALSE,NA
"MitoZ","genome_3x","de_novo",1,1.92361166666667,7320,13.2021875,0.746758530408295,8,"E. cyaneus","De novo","E. cyaneus","genome",74.6758530408295,8,0.864511081058392,TRUE,FALSE,TRUE,FALSE,TRUE,TRUE,7320
"MitoZ","genome_3x","de_novo_Bpul",1,1.3755555,15660,10.298056640625,0.98084008843036,15,"B. pullus","De novo","B. pullus","genome",98.084008843036,15,1.19479175772192,FALSE,FALSE,TRUE,FALSE,TRUE,TRUE,15660
"MitoZ","genome_NCBI","de_novo",1,10.3236116666667,15381,36.68568359375,0.967719914179835,15,"E. cyaneus","De novo","E. cyaneus","genome",96.7719914179835,15,1.18698457216006,FALSE,FALSE,FALSE,FALSE,FALSE,FALSE,15381
"MitoZ","genome_NCBI_50p","de_novo",1,5.55722166666667,15225,25.653828125,0.96853941058102,15,"E. cyaneus","De novo","E. cyaneus","genome",96.853941058102,15,1.18255730130491,FALSE,FALSE,FALSE,FALSE,FALSE,FALSE,15225
"MitoZ","transcriptome","de_novo",2,0.511111166666667,14693,4.837529296875,0.863492187423408,15,"E. cyaneus","De novo","E. cyaneus","transcriptome",86.3492187423408,15,1.16711047859666,FALSE,FALSE,TRUE,FALSE,FALSE,FALSE,11833
"MitoZ","transcriptome","de_novo_EveS",1,0.480833333333333,15008,5.71544921875,0.9656,15,"E. verrucosus","De novo","E. verrucosus","transcriptome",96.56,15,1.17632282103499,FALSE,FALSE,TRUE,FALSE,FALSE,FALSE,7425
"MitoZ","transcriptome","full_mt_genom_Bpul",1,0.537777833333333,16188,5.222958984375,0.959296386471488,15,"B. pullus","Mitogenome","B. pullus","transcriptome",95.9296386471488,15,1.20919319571953,FALSE,FALSE,TRUE,FALSE,FALSE,FALSE,NA
"MitoZ","transcriptome_10p","de_novo",1,0.1025,8310,1.032978515625,0.78662752575688,8,"E. cyaneus","De novo","E. cyaneus","transcriptome",78.662752575688,8,0.919601023784111,FALSE,FALSE,FALSE,FALSE,FALSE,FALSE,8310
"MitoZ","transcriptome_1p","de_novo",3,0.04805555,5907,0.56833984375,0.537850452013163,7,"E. cyaneus","De novo","E. cyaneus","transcriptome",53.7850452013163,7,0.771366970857781,FALSE,FALSE,FALSE,FALSE,FALSE,FALSE,2080
"MitoZ","transcriptome_our","de_novo",4,0.503333333333333,11904,4.3804296875,0.704808983349048,0,"E. cyaneus","De novo","E. cyaneus","transcriptome",70.4808983349048,0,1.0756929182018,FALSE,FALSE,FALSE,FALSE,FALSE,FALSE,5433
"mtGrasp","genome","full_COI_Bpul",1,6.19916666666667,15651,31.7851953125,0.93293602390399,0,"none","none","none","genome",93.293602390399,0,1.19454209144204,FALSE,FALSE,FALSE,FALSE,FALSE,FALSE,15651
"mtGrasp","genome","full_COI_Ecy",1,5.76666666666667,2658,18.681982421875,0.584682629820403,3,"none","none","none","genome",58.4682629820403,3,0.424554976606713,FALSE,FALSE,FALSE,FALSE,FALSE,FALSE,2658
"mtGrasp","genome","full_COI_EveS",1,7.2425,3174,15.267177734375,0.601724248445615,0,"none","none","none","genome",60.1724248445615,0,0.501606922418829,FALSE,FALSE,FALSE,FALSE,FALSE,FALSE,3174
"mtGrasp","genome","full_mt_genom_Bpul",1,6.328055,15651,31.891865234375,0.980563743551955,0,"B. pullus","Mitogenome","B. pullus","genome",98.0563743551955,0,1.19454209144204,FALSE,FALSE,FALSE,FALSE,FALSE,FALSE,15651
"mtGrasp","genome","full_mt_genom_Bpul_Eve",1,6.29777833333333,15651,31.893505859375,0.980563743551955,0,"B. pullus","Related mitogenome","B. pullus","genome",98.0563743551955,0,1.19454209144204,FALSE,FALSE,FALSE,FALSE,FALSE,FALSE,15651
"mtGrasp","genome","full_mt_genom_Ecy",1,5.86666666666667,14372,18.63248046875,0.910179089186883,13,"E. cyaneus","Mitogenome","E. cyaneus","genome",91.0179089186883,13,1.15751720853261,FALSE,TRUE,FALSE,FALSE,FALSE,FALSE,14372
"mtGrasp","genome","full_mt_genom_Eve",5,4,12031,18.787890625,0.713461274391655,0,"E. cyaneus","Related mitogenome","E. cyaneus","genome",71.3461274391655,0,1.08030172679391,FALSE,FALSE,FALSE,FALSE,FALSE,FALSE,4994
"mtGrasp","genome","full_mt_genom_EveS_Ecy",4,6.28638833333333,9307,15.26412109375,0.79828216139991,11,"E. verrucosus","Related mitogenome","E. verrucosus","genome",79.828216139991,11,0.968809713912858,FALSE,FALSE,FALSE,TRUE,TRUE,TRUE,3439
"mtGrasp","genome","full_mt_genom_EveS_EveS",1,8.244445,12523,15.25955078125,0.836285154858303,12,"E. verrucosus","Mitogenome","E. verrucosus","genome",83.6285154858303,12,1.09770838058163,FALSE,FALSE,TRUE,TRUE,TRUE,TRUE,12523
"mtGrasp","genome","part_COI_Bpul",1,6.31277833333333,15651,31.906064453125,0.93293602390399,0,"B. pullus","Folmer region COI","B. pullus","genome",93.293602390399,0,1.19454209144204,FALSE,FALSE,FALSE,FALSE,FALSE,FALSE,15651
"mtGrasp","genome","part_COI_Ecy",1,5.78333333333333,2658,19.440341796875,0.584682629820403,3,"E. cyaneus","Folmer region COI","E. cyaneus","genome",58.4682629820403,3,0.424554976606713,FALSE,FALSE,FALSE,FALSE,FALSE,FALSE,2658
"mtGrasp","genome","part_COI_EveS",1,7.25722166666667,3174,15.272080078125,0.601724248445615,4,"E. verrucosus","Folmer region COI","E. verrucosus","genome",60.1724248445615,4,0.501606922418829,FALSE,FALSE,FALSE,TRUE,TRUE,TRUE,3174
"mtGrasp","genome_10p","full_COI_Ecy",0,0.259722166666667,0,1.77267578125,0,0,"none","none","none","genome",0,0,0,FALSE,FALSE,FALSE,FALSE,FALSE,FALSE,NA
"mtGrasp","genome_10p","full_mt_genom_Ecy",0,0.258333333333333,0,1.78890625,0,0,"E. cyaneus","Mitogenome","E. cyaneus","genome",0,0,0,FALSE,TRUE,FALSE,FALSE,FALSE,FALSE,NA
"mtGrasp","genome_10p","full_mt_genom_Eve",0,0.259166666666667,0,1.790283203125,0,0,"E. cyaneus","Related mitogenome","E. cyaneus","genome",0,0,0,FALSE,FALSE,FALSE,FALSE,FALSE,FALSE,NA
"mtGrasp","genome_10p","part_COI_Ecy",0,0.258333333333333,0,1.771728515625,0,0,"E. cyaneus","Folmer region COI","E. cyaneus","genome",0,0,0,FALSE,FALSE,FALSE,FALSE,FALSE,FALSE,NA
"mtGrasp","genome_16p","full_COI_Ecy",1,0.471388833333333,2531,2.710673828125,0.585741963191568,0,"none","none","none","genome",58.5741963191568,0,0.403292145158254,FALSE,FALSE,FALSE,FALSE,FALSE,FALSE,NA
"mtGrasp","genome_16p","full_mt_genom_Ecy",1,0.852222166666667,2531,3.420458984375,0.585741963191568,3,"E. cyaneus","Mitogenome","E. cyaneus","genome",58.5741963191568,3,0.403292145158254,FALSE,TRUE,FALSE,FALSE,FALSE,FALSE,2531
"mtGrasp","genome_16p","full_mt_genom_Eve",2,0.495,2621,2.72390625,0.460797758423875,0,"E. cyaneus","Related mitogenome","E. cyaneus","genome",46.0797758423875,0,0.4184670209466,FALSE,FALSE,FALSE,FALSE,FALSE,FALSE,1370
"mtGrasp","genome_16p","part_COI_Ecy",1,0.6719445,1370,3.02791015625,0.543671172200805,1,"E. cyaneus","Folmer region COI","E. cyaneus","genome",54.3671172200805,1,0.136720567156407,FALSE,FALSE,FALSE,FALSE,FALSE,FALSE,1370
"mtGrasp","genome_1p","full_COI_Ecy",0,0.0188888833333333,0,0.50509765625,0,0,"none","none","none","genome",0,0,0,FALSE,FALSE,FALSE,FALSE,FALSE,FALSE,NA
"mtGrasp","genome_1p","full_mt_genom_Ecy",0,0.0222222166666667,0,0.50515625,0,0,"E. cyaneus","Mitogenome","E. cyaneus","genome",0,0,0,FALSE,TRUE,FALSE,FALSE,FALSE,FALSE,NA
"mtGrasp","genome_1p","full_mt_genom_Eve",0,0.0188888833333333,0,0.505146484375,0,0,"E. cyaneus","Related mitogenome","E. cyaneus","genome",0,0,0,FALSE,FALSE,FALSE,FALSE,FALSE,FALSE,NA
"mtGrasp","genome_1p","part_COI_Ecy",0,0.0188888833333333,0,0.505078125,0,0,"E. cyaneus","Folmer region COI","E. cyaneus","genome",0,0,0,FALSE,FALSE,FALSE,FALSE,FALSE,FALSE,NA
"mtGrasp","genome_3x","full_COI_Bpul",1,0.831111166666667,15580,7.02783203125,0.978383689511175,15,"none","none","none","genome",97.8383689511175,15,1.19256745333655,FALSE,FALSE,FALSE,FALSE,FALSE,FALSE,15580
"mtGrasp","genome_3x","full_COI_Ecy",0,0,0,0,0,0,"none","none","none","genome",0,0,0,FALSE,FALSE,FALSE,FALSE,FALSE,FALSE,NA
"mtGrasp","genome_3x","full_mt_genom_Bpul",1,0.835,15580,7.027822265625,0.978383689511175,15,"B. pullus","Mitogenome","B. pullus","genome",97.8383689511175,15,1.19256745333655,FALSE,FALSE,TRUE,TRUE,TRUE,TRUE,15580
"mtGrasp","genome_3x","full_mt_genom_Bpul_Eve",1,0.8319445,15580,7.027822265625,0.978383689511175,15,"B. pullus","Related mitogenome","B. pullus","genome",97.8383689511175,15,1.19256745333655,FALSE,FALSE,FALSE,TRUE,TRUE,TRUE,15580
"mtGrasp","genome_3x","full_mt_genom_Ecy",2,2.52333333333333,14372,9.18666015625,0.743450355607178,11,"E. cyaneus","Mitogenome","E. cyaneus","genome",74.3450355607178,11,1.15751720853261,TRUE,FALSE,TRUE,TRUE,TRUE,TRUE,14310
"mtGrasp","genome_3x","full_mt_genom_Eve",6,1.97527833333333,10948,9.14853515625,0.65897390520421,11,"E. cyaneus","Related mitogenome","E. cyaneus","genome",65.897390520421,11,1.03933478873809,FALSE,FALSE,FALSE,TRUE,TRUE,TRUE,2571
"mtGrasp","genome_3x","part_COI_Bpul",1,0.827777833333333,15580,7.0277734375,0.978383689511175,15,"B. pullus","Folmer region COI","B. pullus","genome",97.8383689511175,15,1.19256745333655,FALSE,FALSE,FALSE,TRUE,TRUE,TRUE,15580
"mtGrasp","genome_3x","part_COI_Ecy",2,1.96861166666667,3219,9.163125,0.482032692746378,2,"E. cyaneus","Folmer region COI","E. cyaneus","genome",48.2032692746378,2,0.507720976685613,FALSE,FALSE,FALSE,TRUE,TRUE,TRUE,2090
"mtGrasp","genome_NCBI","full_COI_Ecy",1,13.9852783333333,15726,47.99041015625,0.95450209843571,15,"none","none","none","genome",95.450209843571,15,1.19661827133024,FALSE,FALSE,FALSE,FALSE,FALSE,FALSE,15726
"mtGrasp","genome_NCBI","full_mt_genom_Ecy",1,13.9747216666667,15726,47.99671875,0.95450209843571,15,"E. cyaneus","Mitogenome","E. cyaneus","genome",95.450209843571,15,1.19661827133024,FALSE,FALSE,FALSE,FALSE,FALSE,FALSE,15726
"mtGrasp","genome_NCBI","full_mt_genom_Eve",1,13.9661116666667,15726,51.57783203125,0.95450209843571,15,"E. cyaneus","Related mitogenome","E. cyaneus","genome",95.450209843571,15,1.19661827133024,FALSE,FALSE,FALSE,FALSE,FALSE,FALSE,15726
"mtGrasp","genome_NCBI","part_COI_Ecy",1,14.1091666666667,15726,48.001865234375,0.95450209843571,15,"E. cyaneus","Folmer region COI","E. cyaneus","genome",95.450209843571,15,1.19661827133024,FALSE,FALSE,FALSE,FALSE,FALSE,FALSE,15726
"mtGrasp","genome_NCBI_50p","full_COI_Ecy",1,5.860555,15327,22.704482421875,0.966333920532395,15,"none","none","none","genome",96.6333920532395,15,1.18545715740193,FALSE,FALSE,FALSE,FALSE,FALSE,FALSE,15327
"mtGrasp","genome_NCBI_50p","full_mt_genom_Ecy",1,5.839445,15327,22.8182421875,0.966333920532395,15,"E. cyaneus","Mitogenome","E. cyaneus","genome",96.6333920532395,15,1.18545715740193,FALSE,FALSE,FALSE,FALSE,FALSE,FALSE,15327
"mtGrasp","genome_NCBI_50p","full_mt_genom_Eve",1,5.86888833333333,15327,22.559140625,0.966333920532395,15,"E. cyaneus","Related mitogenome","E. cyaneus","genome",96.6333920532395,15,1.18545715740193,FALSE,FALSE,FALSE,FALSE,FALSE,FALSE,15327
"mtGrasp","genome_NCBI_50p","part_COI_Ecy",1,5.92472166666667,15327,22.815576171875,0.966333920532395,15,"E. cyaneus","Folmer region COI","E. cyaneus","genome",96.6333920532395,15,1.18545715740193,FALSE,FALSE,FALSE,FALSE,FALSE,FALSE,15327
"mtGrasp","transcriptome","full_COI_Ecy",1,0.513611166666667,2658,11.330634765625,0.584682629820403,0,"none","none","none","transcriptome",58.4682629820403,0,0.424554976606713,FALSE,FALSE,FALSE,FALSE,FALSE,FALSE,NA
"mtGrasp","transcriptome","full_mt_genom_Bpul",1,1.62472216666667,27802,12.594345703125,0.761356427238773,7,"B. pullus","Mitogenome","B. pullus","transcriptome",76.1356427238773,7,1.44407603900157,FALSE,FALSE,TRUE,FALSE,FALSE,FALSE,17439
"mtGrasp","transcriptome","full_mt_genom_Ecy",3,1.88333333333333,16749,18.988388671875,0.637318730024825,11,"E. cyaneus","Mitogenome","E. cyaneus","transcriptome",63.7318730024825,11,1.22398888257009,FALSE,FALSE,TRUE,FALSE,FALSE,FALSE,14402
"mtGrasp","transcriptome","full_mt_genom_Eve",6,1.15,12154,4.94560546875,0.61877156347404,0,"E. cyaneus","Related mitogenome","E. cyaneus","transcriptome",61.877156347404,0,1.0847192320113,FALSE,FALSE,FALSE,FALSE,FALSE,FALSE,2682
"mtGrasp","transcriptome","full_mt_genom_EveS_EveS",0,3.19583333333333,0,1.723203125,0,0,"E. verrucosus","Mitogenome","E. verrucosus","transcriptome",0,0,0,FALSE,FALSE,TRUE,FALSE,FALSE,FALSE,NA
"mtGrasp","transcriptome","part_COI_Ecy",1,1.48333333333333,2302,2.289462890625,0.575939472317498,2,"E. cyaneus","Folmer region COI","E. cyaneus","transcriptome",57.5939472317498,2,0.362105319293773,FALSE,FALSE,FALSE,FALSE,FALSE,FALSE,2302
"mtGrasp","transcriptome_10p","full_COI_Ecy",1,0.118611116666667,2250,2.008984375,0.578159591742058,2,"none","none","none","transcriptome",57.8159591742058,2,0.352182518111362,FALSE,FALSE,FALSE,FALSE,FALSE,FALSE,2250
"mtGrasp","transcriptome_10p","full_mt_genom_Ecy",1,0.2225,14254,2.008955078125,0.918594372433918,13,"E. cyaneus","Mitogenome","E. cyaneus","transcriptome",91.8594372433918,13,1.15393675446093,FALSE,FALSE,FALSE,FALSE,FALSE,FALSE,14254
"mtGrasp","transcriptome_10p","full_mt_genom_Eve",5,0.0675,7933,2.008974609375,0.571673339636998,0,"E. cyaneus","Related mitogenome","E. cyaneus","transcriptome",57.1673339636998,0,0.899437454286178,FALSE,FALSE,FALSE,FALSE,FALSE,FALSE,2250
"mtGrasp","transcriptome_10p","part_COI_Ecy",1,0.117777783333333,2250,2.00875,0.578159591742058,2,"E. cyaneus","Folmer region COI","E. cyaneus","transcriptome",57.8159591742058,2,0.352182518111362,FALSE,FALSE,FALSE,FALSE,FALSE,FALSE,2250
"mtGrasp","transcriptome_1p","full_COI_Ecy",1,0.0277777833333333,1451,2.00859375,0.550487125956855,0,"none","none","none","transcriptome",55.0487125956855,0,0.161667412437736,FALSE,FALSE,FALSE,FALSE,FALSE,FALSE,1451
"mtGrasp","transcriptome_1p","full_mt_genom_Ecy",1,0.02944445,1451,2.008623046875,0.550487125956855,0,"E. cyaneus","Mitogenome","E. cyaneus","transcriptome",55.0487125956855,0,0.161667412437736,FALSE,FALSE,FALSE,FALSE,FALSE,FALSE,1451
"mtGrasp","transcriptome_1p","full_mt_genom_Eve",1,0.0277777833333333,1451,2.00873046875,0.550487125956855,0,"E. cyaneus","Related mitogenome","E. cyaneus","transcriptome",55.0487125956855,0,0.161667412437736,FALSE,FALSE,FALSE,FALSE,FALSE,FALSE,1451
"mtGrasp","transcriptome_1p","part_COI_Ecy",1,0.0277777833333333,1451,2.0087109375,0.550487125956855,0,"E. cyaneus","Folmer region COI","E. cyaneus","transcriptome",55.0487125956855,0,0.161667412437736,FALSE,FALSE,FALSE,FALSE,FALSE,FALSE,1451
"mtGrasp","transcriptome_our","full_COI_Ecy",0,3.329445,0,1.6800390625,0,0,"none","none","none","transcriptome",0,0,0,FALSE,FALSE,FALSE,FALSE,FALSE,FALSE,NA
"mtGrasp","transcriptome_our","full_mt_genom_Ecy",1,3.701945,1059,2.057470703125,0.532792093222225,0,"E. cyaneus","Mitogenome","E. cyaneus","transcriptome",53.2792093222225,0,0.024895960107485,FALSE,FALSE,FALSE,FALSE,FALSE,FALSE,1059
"mtGrasp","transcriptome_our","full_mt_genom_Eve",1,3.68972166666667,1059,2.048828125,0.532792093222225,0,"E. cyaneus","Related mitogenome","E. cyaneus","transcriptome",53.2792093222225,0,0.024895960107485,FALSE,FALSE,FALSE,FALSE,FALSE,FALSE,1059
"mtGrasp","transcriptome_our","part_COI_Ecy",0,3.33027833333333,0,1.686787109375,0,0,"E. cyaneus","Folmer region COI","E. cyaneus","transcriptome",0,0,0,FALSE,FALSE,FALSE,FALSE,FALSE,FALSE,NA
"Norgal","genome","de_novo",1,7.86666666666667,23376,24.085234375,0.733680990191748,13,"E. cyaneus","De novo","E. cyaneus","genome",73.3680990191748,13,1.36877019859022,FALSE,TRUE,FALSE,FALSE,FALSE,FALSE,23376
"Norgal","genome","de_novo_Bpul",1,10.3791666666667,20193,34.114248046875,0,0,"B. pullus","De novo","B. pullus","genome",0,0,1.30520084527641,FALSE,FALSE,FALSE,FALSE,FALSE,FALSE,20193
"Norgal","genome","de_novo_EveS",1,4.184445,28338,11.522958984375,0.6287206480794,11,"E. verrucosus","De novo","E. verrucosus","genome",62.87206480794,11,1.45236919596034,FALSE,FALSE,TRUE,FALSE,TRUE,TRUE,28338
"Norgal","genome_10p","de_novo",1,0.727222166666667,23249,3.226083984375,0,0,"E. cyaneus","De novo","E. cyaneus","genome",0,0,1.3664042774917,FALSE,TRUE,FALSE,FALSE,FALSE,FALSE,23249
"Norgal","genome_16p","de_novo",1,1.15333333333333,20344,5.006328125,0,0,"E. cyaneus","De novo","E. cyaneus","genome",0,0,1.30843634716765,FALSE,TRUE,FALSE,FALSE,FALSE,FALSE,20344
"Norgal","genome_1p","de_novo",1,0.0697222166666667,22993,0.804150390625,0,0,"E. cyaneus","De novo","E. cyaneus","genome",0,0,1.36159563931823,FALSE,TRUE,FALSE,FALSE,FALSE,FALSE,22993
"Norgal","genome_3x","de_novo",1,3.6775,23383,12.95412109375,0,0,"E. cyaneus","De novo","E. cyaneus","genome",0,0,1.36890022966001,TRUE,FALSE,TRUE,FALSE,TRUE,TRUE,23383
"Norgal","genome_3x","de_novo_Bpul",1,2.5175,24519,11.6175,0.81612663910078,15,"B. pullus","De novo","B. pullus","genome",81.612663910078,15,1.38950275363846,FALSE,FALSE,TRUE,FALSE,TRUE,TRUE,24519
"Norgal","genome_NCBI","de_novo",0,14.430555,0,43.710146484375,0,0,"E. cyaneus","De novo","E. cyaneus","genome",0,0,0,FALSE,FALSE,FALSE,FALSE,FALSE,FALSE,23349
"Norgal","genome_NCBI_50p","de_novo",1,14.430555,23802,43.710146484375,0.799786691482608,0,"E. cyaneus","De novo","E. cyaneus","genome",79.9786691482608,0,1.37661345085779,FALSE,FALSE,FALSE,FALSE,FALSE,FALSE,23802
"Norgal","transcriptome","de_novo",1,0.9175,20041,3.195712890625,0,0,"E. cyaneus","De novo","E. cyaneus","transcriptome",0,0,1.30191938803586,FALSE,FALSE,TRUE,FALSE,FALSE,FALSE,20041
"Norgal","transcriptome","de_novo_EveS",1,1.42361116666667,30194,3.9269140625,0,0,"E. verrucosus","De novo","E. verrucosus","transcriptome",0,0,1.47992065071289,FALSE,FALSE,TRUE,FALSE,FALSE,FALSE,27045
"Norgal","transcriptome","full_mt_genom_Bpul",1,1.58833333333333,17439,3.467353515625,0.705472528907838,15,"B. pullus","Mitogenome","B. pullus","transcriptome",70.5472528907838,15,1.24152157767605,FALSE,FALSE,TRUE,FALSE,FALSE,FALSE,NA
"Norgal","transcriptome_10p","de_novo",0,0,0,0,0,0,"E. cyaneus","De novo","E. cyaneus","transcriptome",0,0,0,FALSE,FALSE,FALSE,FALSE,FALSE,FALSE,NA
"Norgal","transcriptome_1p","de_novo",0,0,0,0,0,0,"E. cyaneus","De novo","E. cyaneus","transcriptome",0,0,0,FALSE,FALSE,FALSE,FALSE,FALSE,FALSE,NA
"Norgal","transcriptome_our","de_novo",1,1.16333333333333,33971,2.943896484375,0,0,"E. cyaneus","De novo","E. cyaneus","transcriptome",0,0,1.53110833132954,FALSE,FALSE,FALSE,FALSE,FALSE,FALSE,33971
"NOVOplasty","genome","full_COI_Bpul",1,0.245833333333333,15708,30.14474609375,0.98231392778187,0,"none","none","none","genome",98.231392778187,0,1.19612089259838,FALSE,FALSE,FALSE,FALSE,FALSE,FALSE,15708
"NOVOplasty","genome","full_COI_Ecy",1,0.216666666666667,4200,29.24052734375,0.644368600258478,4,"none","none","none","genome",64.4368600258478,4,0.6232492903979,FALSE,FALSE,FALSE,FALSE,FALSE,FALSE,4200
"NOVOplasty","genome","full_COI_EveS",1,0.205277833333333,3226,22.530244140625,0.60339080828152,0,"none","none","none","genome",60.339080828152,0,0.508664363052943,FALSE,FALSE,FALSE,FALSE,FALSE,FALSE,3226
"NOVOplasty","genome","full_mt_genom_Bpul",1,0.265833333333333,15708,30.1425,0.98231392778187,0,"B. pullus","Mitogenome","B. pullus","genome",98.231392778187,0,1.19612089259838,FALSE,FALSE,FALSE,FALSE,FALSE,FALSE,15708
"NOVOplasty","genome","full_mt_genom_Bpul_Eve",0,0.239166666666667,0,30.1388671875,0,0,"B. pullus","Related mitogenome","B. pullus","genome",0,0,0,FALSE,FALSE,FALSE,FALSE,FALSE,FALSE,NA
"NOVOplasty","genome","full_mt_genom_Ecy",1,0.233333333333333,4200,29.237392578125,0.644368600258478,4,"E. cyaneus","Mitogenome","E. cyaneus","genome",64.4368600258478,4,0.6232492903979,FALSE,TRUE,FALSE,FALSE,FALSE,FALSE,4200
"NOVOplasty","genome","full_mt_genom_Eve",1,0.233333333333333,4200,29.23830078125,0.644368600258478,4,"E. cyaneus","Related mitogenome","E. cyaneus","genome",64.4368600258478,4,0.6232492903979,FALSE,FALSE,FALSE,FALSE,FALSE,FALSE,4200
"NOVOplasty","genome","full_mt_genom_EveS_Ecy",1,0.237222166666667,8070,22.536796875,0.75863726684187,8,"E. verrucosus","Related mitogenome","E. verrucosus","genome",75.863726684187,8,0.90687353472207,FALSE,FALSE,FALSE,TRUE,TRUE,TRUE,8070
"NOVOplasty","genome","full_mt_genom_EveS_EveS",1,0.206111166666667,827,22.5234375,0.52650471123646,0,"E. verrucosus","Mitogenome","E. verrucosus","genome",52.650471123646,0,0,FALSE,FALSE,TRUE,TRUE,TRUE,TRUE,827
"NOVOplasty","genome","part_COI_Bpul",1,0.2644445,15708,30.14466796875,0.98231392778187,0,"B. pullus","Folmer region COI","B. pullus","genome",98.231392778187,0,1.19612089259838,FALSE,FALSE,FALSE,FALSE,FALSE,FALSE,15708
"NOVOplasty","genome","part_COI_Ecy",1,0.233333333333333,4200,29.240498046875,0.644368600258478,4,"E. cyaneus","Folmer region COI","E. cyaneus","genome",64.4368600258478,4,0.6232492903979,FALSE,FALSE,FALSE,FALSE,FALSE,FALSE,4200
"NOVOplasty","genome","part_COI_EveS",1,0.2055555,3226,22.535732421875,0.60339080828152,3,"E. verrucosus","Folmer region COI","E. verrucosus","genome",60.339080828152,3,0.508664363052943,FALSE,FALSE,FALSE,TRUE,TRUE,TRUE,3226
"NOVOplasty","genome_10p","full_COI_Ecy",1,0.0516666666666667,2539,5.527998046875,0.585099654848525,3,"none","none","none","genome",58.5099654848525,3,0.404662700873722,FALSE,FALSE,FALSE,FALSE,FALSE,FALSE,2539
"NOVOplasty","genome_10p","full_mt_genom_Ecy",1,0.0533333333333333,2539,5.52814453125,0.585099654848525,3,"E. cyaneus","Mitogenome","E. cyaneus","genome",58.5099654848525,3,0.404662700873722,FALSE,TRUE,FALSE,FALSE,FALSE,FALSE,2539
"NOVOplasty","genome_10p","full_mt_genom_Eve",1,0.0536111166666667,2519,5.534794921875,0.585315015761908,4,"E. cyaneus","Related mitogenome","E. cyaneus","genome",58.5315015761908,4,0.401228167498113,FALSE,FALSE,FALSE,FALSE,FALSE,FALSE,2519
"NOVOplasty","genome_10p","part_COI_Ecy",1,0.0525,2539,5.528076171875,0.585099654848525,3,"E. cyaneus","Folmer region COI","E. cyaneus","genome",58.5099654848525,3,0.404662700873722,FALSE,FALSE,FALSE,FALSE,FALSE,FALSE,2539
"NOVOplasty","genome_16p","full_COI_Ecy",1,0.0833333333333333,4058,8.517734375,0.64016988530607,3,"none","none","none","genome",64.016988530607,3,0.608312042697327,FALSE,FALSE,FALSE,FALSE,FALSE,FALSE,4058
"NOVOplasty","genome_16p","full_mt_genom_Ecy",1,0.08444445,4058,8.5178515625,0.64016988530607,3,"E. cyaneus","Mitogenome","E. cyaneus","genome",64.016988530607,3,0.608312042697327,FALSE,TRUE,FALSE,FALSE,FALSE,FALSE,4058
"NOVOplasty","genome_16p","full_mt_genom_Eve",1,0.0738888833333333,4056,8.517763671875,0.640020866532428,4,"E. cyaneus","Related mitogenome","E. cyaneus","genome",64.0020866532428,4,0.60809794632528,FALSE,FALSE,FALSE,FALSE,FALSE,FALSE,4056
"NOVOplasty","genome_16p","part_COI_Ecy",1,0.0841666666666667,4058,8.517900390625,0.64016988530607,3,"E. cyaneus","Folmer region COI","E. cyaneus","genome",64.016988530607,3,0.608312042697327,FALSE,FALSE,FALSE,FALSE,FALSE,FALSE,4058
"NOVOplasty","genome_1p","full_COI_Ecy",0,0,0,0,0,0,"none","none","none","genome",0,0,0,FALSE,FALSE,FALSE,FALSE,FALSE,FALSE,NA
"NOVOplasty","genome_1p","full_mt_genom_Ecy",0,0,0,0,0,0,"E. cyaneus","Mitogenome","E. cyaneus","genome",0,0,0,FALSE,TRUE,FALSE,FALSE,FALSE,FALSE,NA
"NOVOplasty","genome_1p","full_mt_genom_Eve",0,0,0,0,0,0,"E. cyaneus","Related mitogenome","E. cyaneus","genome",0,0,0,FALSE,FALSE,FALSE,FALSE,FALSE,FALSE,NA
"NOVOplasty","genome_1p","part_COI_Ecy",0,0,0,0,0,0,"E. cyaneus","Folmer region COI","E. cyaneus","genome",0,0,0,FALSE,FALSE,FALSE,FALSE,FALSE,FALSE,NA
"NOVOplasty","genome_3x","full_COI_Bpul",1,0.121666666666667,15604,16.689658203125,0.97912060918693,15,"none","none","none","genome",97.912060918693,15,1.19323594163975,FALSE,FALSE,FALSE,FALSE,FALSE,FALSE,15604
"NOVOplasty","genome_3x","full_COI_Ecy",1,0.194166666666667,4153,26.34525390625,0.644114461613635,4,"none","none","none","genome",64.4114461613635,4,0.618361931109878,FALSE,FALSE,FALSE,FALSE,FALSE,FALSE,4153
"NOVOplasty","genome_3x","full_mt_genom_Bpul",1,0,15604,16.6897265625,0.97912060918693,15,"B. pullus","Mitogenome","B. pullus","genome",97.912060918693,15,1.19323594163975,FALSE,FALSE,TRUE,TRUE,TRUE,TRUE,15604
"NOVOplasty","genome_3x","full_mt_genom_Bpul_Eve",0,0.106666666666667,0,16.6850390625,0,0,"B. pullus","Related mitogenome","B. pullus","genome",0,0,0,FALSE,FALSE,FALSE,TRUE,TRUE,TRUE,NA
"NOVOplasty","genome_3x","full_mt_genom_Ecy",1,0.199166666666667,4153,26.345361328125,0.644114461613635,4,"E. cyaneus","Mitogenome","E. cyaneus","genome",64.4114461613635,4,0.618361931109878,TRUE,FALSE,TRUE,TRUE,TRUE,TRUE,4153
"NOVOplasty","genome_3x","full_mt_genom_Eve",1,0.196666666666667,4153,26.3452734375,0.644114461613635,4,"E. cyaneus","Related mitogenome","E. cyaneus","genome",64.4114461613635,4,0.618361931109878,FALSE,FALSE,FALSE,TRUE,TRUE,TRUE,4153
"NOVOplasty","genome_3x","part_COI_Bpul",1,0.1225,15604,16.689677734375,0.97912060918693,15,"B. pullus","Folmer region COI","B. pullus","genome",97.912060918693,15,1.19323594163975,FALSE,FALSE,FALSE,TRUE,TRUE,TRUE,15604
"NOVOplasty","genome_3x","part_COI_Ecy",1,0.196111166666667,4153,26.345107421875,0.644114461613635,4,"E. cyaneus","Folmer region COI","E. cyaneus","genome",64.4114461613635,4,0.618361931109878,FALSE,FALSE,FALSE,TRUE,TRUE,TRUE,4153
"NOVOplasty","genome_NCBI","full_COI_Ecy",2,0.210833333333333,17491,28.2416796875,0.78961322966097,15,"none","none","none","genome",78.961322966097,15,1.24281463978553,FALSE,FALSE,FALSE,FALSE,FALSE,FALSE,15921
"NOVOplasty","genome_NCBI","full_mt_genom_Ecy",2,0.213611166666667,17491,28.241630859375,0.78961322966097,15,"E. cyaneus","Mitogenome","E. cyaneus","genome",78.961322966097,15,1.24281463978553,FALSE,FALSE,FALSE,FALSE,FALSE,FALSE,15921
"NOVOplasty","genome_NCBI","full_mt_genom_Eve",2,0.212777833333333,17491,28.241416015625,0.78961322966097,15,"E. cyaneus","Related mitogenome","E. cyaneus","genome",78.961322966097,15,1.24281463978553,FALSE,FALSE,FALSE,FALSE,FALSE,FALSE,15921
"NOVOplasty","genome_NCBI","part_COI_Ecy",2,0.213888833333333,17491,28.24185546875,0.78961322966097,15,"E. cyaneus","Folmer region COI","E. cyaneus","genome",78.961322966097,15,1.24281463978553,FALSE,FALSE,FALSE,FALSE,FALSE,FALSE,15921
"NOVOplasty","genome_NCBI_50p","full_COI_Ecy",2,0.207777833333333,17491,28.24119140625,0.78961322966097,15,"none","none","none","genome",78.961322966097,15,1.24281463978553,FALSE,FALSE,FALSE,FALSE,FALSE,FALSE,15921
"NOVOplasty","genome_NCBI_50p","full_mt_genom_Ecy",2,0.213333333333333,17491,28.24421875,0.78961322966097,15,"E. cyaneus","Mitogenome","E. cyaneus","genome",78.961322966097,15,1.24281463978553,FALSE,FALSE,FALSE,FALSE,FALSE,FALSE,15921
"NOVOplasty","genome_NCBI_50p","full_mt_genom_Eve",2,0.193333333333333,17491,28.241416015625,0.78961322966097,15,"E. cyaneus","Related mitogenome","E. cyaneus","genome",78.961322966097,15,1.24281463978553,FALSE,FALSE,FALSE,FALSE,FALSE,FALSE,15921
"NOVOplasty","genome_NCBI_50p","part_COI_Ecy",2,0.214166666666667,17491,28.24109375,0.78961322966097,15,"E. cyaneus","Folmer region COI","E. cyaneus","genome",78.961322966097,15,1.24281463978553,FALSE,FALSE,FALSE,FALSE,FALSE,FALSE,15921
"NOVOplasty","transcriptome","full_COI_Ecy",1,0.166666666666667,2758,16.230439453125,0.592722530975873,2,"none","none","none","transcriptome",59.2722530975873,2,0.440594261839831,FALSE,FALSE,FALSE,FALSE,FALSE,FALSE,2758
"NOVOplasty","transcriptome","full_mt_genom_Bpul",1,0.16444445,7173,15.260986328125,0.61044,2,"B. pullus","Mitogenome","B. pullus","transcriptome",61.044,2,0.855700830835437,FALSE,FALSE,TRUE,FALSE,FALSE,FALSE,7173
"NOVOplasty","transcriptome","full_mt_genom_Ecy",1,0.166666666666667,2758,16.23046875,0.592722530975873,2,"E. cyaneus","Mitogenome","E. cyaneus","transcriptome",59.2722530975873,2,0.440594261839831,FALSE,FALSE,TRUE,FALSE,FALSE,FALSE,2758
"NOVOplasty","transcriptome","full_mt_genom_Eve",1,0.133333333333333,1638,16.182626953125,0.5238393478477,1,"E. cyaneus","Related mitogenome","E. cyaneus","transcriptome",52.38393478477,1,0.2143138974244,FALSE,FALSE,FALSE,FALSE,FALSE,FALSE,1638
"NOVOplasty","transcriptome","full_mt_genom_EveS_EveS",1,0.162777783333333,812,15.787919921875,0,0,"E. verrucosus","Mitogenome","E. verrucosus","transcriptome",0,0,0,FALSE,FALSE,TRUE,FALSE,FALSE,FALSE,1116
"NOVOplasty","transcriptome","part_COI_Ecy",1,0.166666666666667,2758,16.231533203125,0.592722530975873,2,"E. cyaneus","Folmer region COI","E. cyaneus","transcriptome",59.2722530975873,2,0.440594261839831,FALSE,FALSE,FALSE,FALSE,FALSE,FALSE,2758
"NOVOplasty","transcriptome_10p","full_COI_Ecy",0,0,0,0,0,0,"none","none","none","transcriptome",0,0,0,FALSE,FALSE,FALSE,FALSE,FALSE,FALSE,NA
"NOVOplasty","transcriptome_10p","full_mt_genom_Ecy",0,0,0,0,0,0,"E. cyaneus","Mitogenome","E. cyaneus","transcriptome",0,0,0,FALSE,FALSE,FALSE,FALSE,FALSE,FALSE,NA
"NOVOplasty","transcriptome_10p","full_mt_genom_Eve",0,0,0,0,0,0,"E. cyaneus","Related mitogenome","E. cyaneus","transcriptome",0,0,0,FALSE,FALSE,FALSE,FALSE,FALSE,FALSE,NA
"NOVOplasty","transcriptome_10p","part_COI_Ecy",0,0,0,0,0,0,"E. cyaneus","Folmer region COI","E. cyaneus","transcriptome",0,0,0,FALSE,FALSE,FALSE,FALSE,FALSE,FALSE,NA
"NOVOplasty","transcriptome_1p","full_COI_Ecy",0,0,0,0,0,0,"none","none","none","transcriptome",0,0,0,FALSE,FALSE,FALSE,FALSE,FALSE,FALSE,NA
"NOVOplasty","transcriptome_1p","full_mt_genom_Ecy",0,0,0,0,0,0,"E. cyaneus","Mitogenome","E. cyaneus","transcriptome",0,0,0,FALSE,FALSE,FALSE,FALSE,FALSE,FALSE,NA
"NOVOplasty","transcriptome_1p","full_mt_genom_Eve",0,0,0,0,0,0,"E. cyaneus","Related mitogenome","E. cyaneus","transcriptome",0,0,0,FALSE,FALSE,FALSE,FALSE,FALSE,FALSE,NA
"NOVOplasty","transcriptome_1p","part_COI_Ecy",0,0,0,0,0,0,"E. cyaneus","Folmer region COI","E. cyaneus","transcriptome",0,0,0,FALSE,FALSE,FALSE,FALSE,FALSE,FALSE,NA
"NOVOplasty","transcriptome_our","full_COI_Ecy",2,0.255833333333333,2562,15.73451171875,0.435107003978665,0,"none","none","none","transcriptome",43.5107003978665,0,0.408579125408667,FALSE,FALSE,FALSE,FALSE,FALSE,FALSE,1590
"NOVOplasty","transcriptome_our","full_mt_genom_Ecy",5,0.3119445,4838,15.74392578125,0.291445579352218,0,"E. cyaneus","Mitogenome","E. cyaneus","transcriptome",29.1445579352218,0,0.684665864025861,FALSE,FALSE,FALSE,FALSE,FALSE,FALSE,1590
"NOVOplasty","transcriptome_our","full_mt_genom_Eve",1,0.130833333333333,639,15.6559375,0.501393503680398,0,"E. cyaneus","Related mitogenome","E. cyaneus","transcriptome",50.1393503680398,0,0,FALSE,FALSE,FALSE,FALSE,FALSE,FALSE,639
"NOVOplasty","transcriptome_our","part_COI_Ecy",5,0.340833333333333,4771,15.746796875,0.292007708892245,0,"E. cyaneus","Folmer region COI","E. cyaneus","transcriptome",29.2007708892245,0,0.678609416558926,FALSE,FALSE,FALSE,FALSE,FALSE,FALSE,1538
