assembler,type_input_data,type_ref_data,MaxContigLength
ARC,genome,full_COI_Bpul,1780
ARC,genome,full_COI_Ecy,1155
ARC,genome,full_COI_EveS_EveS,5172
ARC,genome,full_COI_Eve_Eve,1524
ARC,genome,full_mt_genom_Bpul,15608
ARC,genome,full_mt_genom_Bpul_Eve,6192
ARC,genome,full_mt_genom_Ecy,3370
ARC,genome,full_mt_genom_Eve,4994
ARC,genome,full_mt_genom_EveS_EveS,9975
ARC,genome,full_mt_genom_Eve_Ecy,3254
ARC,genome,full_mt_genom_Eve_Eve,9794
ARC,genome,part_COI_Bpul,4622
ARC,genome,part_COI_Ecy,1591
ARC,genome,part_COI_EveS_EveS,4625
ARC,genome,part_COI_Eve_Eve,4424
ARC,genome_10p,full_COI_Ecy,2666
ARC,genome_10p,full_mt_genom_Ecy,5444
ARC,genome_10p,full_mt_genom_Eve,4762
ARC,genome_10p,part_COI_Ecy,2603
ARC,genome_16p,full_COI_Ecy,1404
ARC,genome_16p,full_mt_genom_Ecy,5528
ARC,genome_16p,full_mt_genom_Eve,5528
ARC,genome_16p,part_COI_Ecy,2078
ARC,genome_3x,full_COI_Bpul,7815
ARC,genome_3x,full_COI_Ecy,1451
ARC,genome_3x,full_mt_genom_Bpul,15838
ARC,genome_3x,full_mt_genom_Bpul_Eve,4703
ARC,genome_3x,full_mt_genom_Ecy,5069
ARC,genome_3x,full_mt_genom_Eve,5141
ARC,genome_3x,part_COI_Bpul,7414
ARC,genome_3x,part_COI_Ecy,1451
ARC,genome_NCBI,full_COI_Ecy,2483
ARC,genome_NCBI,full_mt_genom_Ecy,2006
ARC,genome_NCBI,full_mt_genom_Eve,12157
ARC,genome_NCBI,part_COI_Ecy,1705
ARC,genome_NCBI_50p,full_COI_Ecy,4159
ARC,genome_NCBI_50p,full_mt_genom_Ecy,15278
ARC,genome_NCBI_50p,full_mt_genom_Eve,15581
ARC,genome_NCBI_50p,part_COI_Ecy,4208
ARC,transcriptome,full_COI_Ecy,2698
ARC,transcriptome,full_mt_genom_Eve,3459
ARC,transcriptome,part_COI_Ecy,1734
ARC,transcriptome,part_COI_Eve_Eve,1107
ARC,transcriptome_10p,full_COI_Ecy,5558
ARC,transcriptome_10p,full_mt_genom_Ecy,5340
ARC,transcriptome_10p,full_mt_genom_Eve,6393
ARC,transcriptome_10p,part_COI_Ecy,5302
ARC,transcriptome_1p,full_COI_Ecy,2290
ARC,transcriptome_1p,full_mt_genom_Ecy,3668
ARC,transcriptome_1p,full_mt_genom_Eve,3668
ARC,transcriptome_1p,part_COI_Ecy,2290
Getorganel,genome,full_COI_Bpul,15634
Getorganel,genome,full_COI_Ecy,2838
Getorganel,genome,full_COI_EveS_EveS,2643
Getorganel,genome,full_COI_Eve_Eve,3459
Getorganel,genome,full_mt_genom_Bpul,15727
Getorganel,genome,full_mt_genom_Ecy,10882
Getorganel,genome,full_mt_genom_Eve,9433
Getorganel,genome,full_mt_genom_EveS_Ecy,2346
Getorganel,genome,full_mt_genom_EveS_EveS,9869
Getorganel,genome,full_mt_genom_Eve_Ecy,2346
Getorganel,genome,full_mt_genom_Eve_Eve,8917
Getorganel,genome,part_COI_Bpul,15634
Getorganel,genome,part_COI_Ecy,2838
Getorganel,genome,part_COI_EveS_EveS,7512
Getorganel,genome,part_COI_Eve_Eve,9012
Getorganel,genome_10p,full_COI_Ecy,2666
Getorganel,genome_10p,full_mt_genom_Ecy,5444
Getorganel,genome_10p,full_mt_genom_Eve,4826
Getorganel,genome_10p,part_COI_Ecy,2666
Getorganel,genome_16p,full_COI_Ecy,4097
Getorganel,genome_16p,full_mt_genom_Ecy,5528
Getorganel,genome_16p,full_mt_genom_Eve,5528
Getorganel,genome_16p,part_COI_Ecy,4113
Getorganel,genome_3x,full_COI_Bpul,15632
Getorganel,genome_3x,full_COI_Ecy,3862
Getorganel,genome_3x,full_mt_genom_Bpul,15944
Getorganel,genome_3x,full_mt_genom_Ecy,13312
Getorganel,genome_3x,full_mt_genom_Eve,5646
Getorganel,genome_3x,part_COI_Bpul,15668
Getorganel,genome_3x,part_COI_Ecy,4184
Getorganel,genome_our_rna,full_COI_Ecy,222
Getorganel,genome_our_rna,full_mt_genom_Ecy,1071
Getorganel,genome_our_rna,full_mt_genom_Eve,540
Getorganel,genome_our_rna,part_COI_Ecy,219
Getorganel,transcriptome,full_COI_Ecy,1601
Getorganel,transcriptome,full_mt_genom_Bpul,7673
Getorganel,transcriptome,full_mt_genom_Ecy,2255
Getorganel,transcriptome,full_mt_genom_Eve,1192
Getorganel,transcriptome,full_mt_genom_EveS_EveS,89
Getorganel,transcriptome,full_mt_genom_Eve_Eve,371
Getorganel,transcriptome,part_COI_Ecy,1601
Getorganel,transcriptome,part_COI_Eve_Eve,1014
Getorganel,transcriptome_10p,full_COI_Ecy,1579
Getorganel,transcriptome_10p,part_COI_Ecy,1526
Getorganel,transcriptome_1p,full_COI_Ecy,1525
Getorganel,transcriptome_1p,full_mt_genom_Eve,1699
Getorganel,transcriptome_1p,part_COI_Ecy,1560
MEANGS,genome,de_novo,3429
MEANGS,genome_10p,de_novo,1433
MEANGS,genome_16p,de_novo,1635
MEANGS,genome_1p,de_novo,301
MEANGS,genome_3x,de_novo,1184
MEANGS,genome,de_novo_Bpul,5950
MEANGS,genome_3x,de_novo_Bpul,3862
MEANGS,genome,de_novo_EveS,1806
MEANGS,genome_NCBI,de_novo,6137
MEANGS,genome_NCBI_50p,de_novo,6162
MEANGS,transcriptome,de_novo,1569
MEANGS,transcriptome_10p,de_novo,1743
MEANGS,transcriptome_1p,de_novo,1599
MEANGS,transcriptome,de_novo_Bpul,1690
MEANGS,transcriptome,de_novo_EveS,900
MITGARD,genome,full_COI_Bpul,1774
MITGARD,genome,full_COI_Ecy,1771
MITGARD,genome,full_COI_EveS_EveS,1671
MITGARD,genome,full_COI_Eve_Eve,1127
MITGARD,genome,full_mt_genom_Bpul,15084
MITGARD,genome,full_mt_genom_Bpul_Eve,1229
MITGARD,genome,full_mt_genom_Ecy,11559
MITGARD,genome,full_mt_genom_Eve,1969
MITGARD,genome,full_mt_genom_EveS_Ecy,1250
MITGARD,genome,full_mt_genom_EveS_EveS,9956
MITGARD,genome,full_mt_genom_Eve_Ecy,1847
MITGARD,genome,full_mt_genom_Eve_Eve,8522
MITGARD,genome,part_COI_Bpul,862
MITGARD,genome,part_COI_Ecy,861
MITGARD,genome,part_COI_EveS_EveS,826
MITGARD,genome,part_COI_Eve_Eve,770
MITGARD,genome_10p,full_COI_Ecy,1731
MITGARD,genome_10p,full_mt_genom_Ecy,5444
MITGARD,genome_10p,full_mt_genom_Eve,744
MITGARD,genome_10p,part_COI_Ecy,815
MITGARD,genome_16p,full_COI_Ecy,1750
MITGARD,genome_16p,full_mt_genom_Ecy,5528
MITGARD,genome_16p,full_mt_genom_Eve,1113
MITGARD,genome_16p,part_COI_Ecy,850
MITGARD,genome_1p,full_COI_Ecy,611
MITGARD,genome_1p,full_mt_genom_Ecy,946
MITGARD,genome_1p,full_mt_genom_Eve,297
MITGARD,genome_1p,part_COI_Ecy,611
MITGARD,genome_3x,full_COI_Bpul,1773
MITGARD,genome_3x,full_COI_Ecy,1771
MITGARD,genome_3x,full_mt_genom_Bpul,28527
MITGARD,genome_3x,full_mt_genom_Bpul_Eve,594
MITGARD,genome_3x,full_mt_genom_Ecy,11560
MITGARD,genome_3x,full_mt_genom_Eve,1969
MITGARD,genome_3x,part_COI_Bpul,851
MITGARD,genome_3x,part_COI_Ecy,855
MITGARD,genome_NCBI,full_COI_Ecy,1774
MITGARD,genome_NCBI,full_mt_genom_Ecy,14798
MITGARD,genome_NCBI,full_mt_genom_Eve,4544
MITGARD,genome_NCBI,part_COI_Ecy,871
MITGARD,genome_NCBI_50p,full_COI_Ecy,1772
MITGARD,genome_NCBI_50p,full_mt_genom_Ecy,14634
MITGARD,genome_NCBI_50p,full_mt_genom_Eve,4541
MITGARD,genome_NCBI_50p,part_COI_Ecy,871
MITGARD,genome_our_rna,full_COI_Ecy,1670
MITGARD,genome_our_rna,full_mt_genom_Ecy,5401
MITGARD,genome_our_rna,full_mt_genom_Eve,1300
MITGARD,genome_our_rna,part_COI_Ecy,774
MITGARD,transcriptome,full_COI_Ecy,1704
MITGARD,transcriptome,full_mt_genom_Bpul,12346
MITGARD,transcriptome,full_mt_genom_Ecy,9913
MITGARD,transcriptome,full_mt_genom_Eve,2465
MITGARD,transcriptome,full_mt_genom_EveS_EveS,4162
MITGARD,transcriptome,full_mt_genom_Eve_Eve,10548
MITGARD,transcriptome,part_COI_Ecy,1225
MITGARD,transcriptome,part_COI_Eve_Eve,1084
MITGARD,transcriptome_10p,full_COI_Ecy,1731
MITGARD,transcriptome_10p,full_mt_genom_Ecy,12862
MITGARD,transcriptome_10p,full_mt_genom_Eve,1776
MITGARD,transcriptome_10p,part_COI_Ecy,813
MITGARD,transcriptome_1p,full_COI_Ecy,611
MITGARD,transcriptome_1p,full_mt_genom_Ecy,3668
MITGARD,transcriptome_1p,full_mt_genom_Eve,1022
MITGARD,transcriptome_1p,part_COI_Ecy,758
Mitofinder,genome,full_COI_Ecy,11897
Mitofinder,genome,full_COI_EveS_EveS,10565
Mitofinder,genome,full_COI_Eve_Eve,10565
Mitofinder,genome,full_mt_genom_Bpul,15811
Mitofinder,genome,full_mt_genom_Ecy,11897
Mitofinder,genome,full_mt_genom_Eve,11897
Mitofinder,genome,full_mt_genom_EveS_EveS,10565
Mitofinder,genome,full_mt_genom_Eve_Ecy,10565
Mitofinder,genome,full_mt_genom_Eve_Eve,10565
Mitofinder,genome,part_COI_Bpul,15811
Mitofinder,genome,part_COI_Ecy,11897
Mitofinder,genome,part_COI_EveS_EveS,10565
Mitofinder,genome,part_COI_Eve_Eve,10565
Mitofinder,genome_10p,full_COI_Ecy,2602
Mitofinder,genome_10p,full_mt_genom_Ecy,5425
Mitofinder,genome_10p,full_mt_genom_Eve,5425
Mitofinder,genome_10p,part_COI_Ecy,2602
Mitofinder,genome_16p,full_COI_Ecy,4098
Mitofinder,genome_16p,full_mt_genom_Ecy,5446
Mitofinder,genome_16p,full_mt_genom_Eve,5446
Mitofinder,genome_16p,part_COI_Ecy,4098
Mitofinder,genome_3x,full_mt_genom_Bpul,15831
Mitofinder,genome_3x,full_mt_genom_Ecy,11620
Mitofinder,genome_3x,full_mt_genom_Eve,11620
Mitofinder,genome_3x,part_COI_Bpul,15831
Mitofinder,genome_3x,part_COI_Ecy,11620
Mitofinder,genome_NCBI,full_COI_Ecy,15374
Mitofinder,genome_NCBI,full_mt_genom_Ecy,15374
Mitofinder,genome_NCBI,full_mt_genom_Eve,15374
Mitofinder,genome_NCBI,part_COI_Ecy,15374
Mitofinder,genome_our_rna,full_COI_Ecy,6549
Mitofinder,genome_our_rna,full_mt_genom_Ecy,6549
Mitofinder,genome_our_rna,full_mt_genom_Eve,6549
Mitofinder,genome_our_rna,part_COI_Ecy,6549
Mitofinder,transcriptome,full_COI_Ecy,3791
Mitofinder,transcriptome,full_mt_genom_Bpul,9100
Mitofinder,transcriptome,full_mt_genom_Ecy,4698
Mitofinder,transcriptome,full_mt_genom_Eve,4340
Mitofinder,transcriptome,full_mt_genom_EveS_EveS,7684
Mitofinder,transcriptome,full_mt_genom_Eve_Eve,7684
Mitofinder,transcriptome,part_COI_Ecy,3791
Mitofinder,transcriptome,part_COI_Eve_Eve,2573
Mitofinder,transcriptome_10p,full_COI_Ecy,6129
Mitofinder,transcriptome_10p,full_mt_genom_Ecy,6129
Mitofinder,transcriptome_10p,full_mt_genom_Eve,6129
Mitofinder,transcriptome_10p,part_COI_Ecy,6129
Mitofinder,transcriptome_1p,full_COI_Ecy,2306
Mitofinder,transcriptome_1p,full_mt_genom_Ecy,2306
Mitofinder,transcriptome_1p,full_mt_genom_Eve,2306
Mitofinder,transcriptome_1p,part_COI_Ecy,2306
Mitoz,genome,de_novo,8818
Mitoz,genome_10p,de_novo,4091
Mitoz,genome_16p,de_novo,3998
Mitoz,genome_3x,de_novo,7320
Mitoz,genome,de_novo_Bpul,15881
Mitoz,genome_3x,de_novo_Bpul,15660
Mitoz,genome,de_novo_EveS,9792
Mitoz,genome_NCBI,de_novo,15381
Mitoz,genome_NCBI_50p,de_novo,15225
Mitoz,genome_our_rna,de_novo,5433
Mitoz,transcriptome,de_novo,11833
Mitoz,transcriptome_10p,de_novo,8310
Mitoz,transcriptome_1p,de_novo,2080
Mitoz,transcriptome,de_novo_Bpul,16188
Mitoz,transcriptome,de_novo_EveS,7425
NOVOplasty,genome,full_COI_Bpul,15708
NOVOplasty,genome,full_COI_Ecy,4200
NOVOplasty,genome,full_COI_EveS_EveS,3226
NOVOplasty,genome,full_COI_Eve_Eve,827
NOVOplasty,genome,full_mt_genom_Bpul,15708
NOVOplasty,genome,full_mt_genom_Ecy,4200
NOVOplasty,genome,full_mt_genom_Eve,4200
NOVOplasty,genome,full_mt_genom_EveS_Ecy,8070
NOVOplasty,genome,full_mt_genom_EveS_EveS,827
NOVOplasty,genome,full_mt_genom_Eve_Ecy,8070
NOVOplasty,genome,full_mt_genom_Eve_Eve,827
NOVOplasty,genome,part_COI_Bpul,15708
NOVOplasty,genome,part_COI_Ecy,4200
NOVOplasty,genome,part_COI_EveS_EveS,3226
NOVOplasty,genome,part_COI_Eve_Eve,3226
NOVOplasty,genome_10p,full_COI_Ecy,2539
NOVOplasty,genome_10p,full_mt_genom_Ecy,2539
NOVOplasty,genome_10p,full_mt_genom_Eve,2519
NOVOplasty,genome_10p,part_COI_Ecy,2539
NOVOplasty,genome_16p,full_COI_Ecy,4058
NOVOplasty,genome_16p,full_mt_genom_Ecy,4058
NOVOplasty,genome_16p,full_mt_genom_Eve,4056
NOVOplasty,genome_16p,part_COI_Ecy,4058
NOVOplasty,genome_3x,full_COI_Bpul,15604
NOVOplasty,genome_3x,full_COI_Ecy,4153
NOVOplasty,genome_3x,full_mt_genom_Bpul,15604
NOVOplasty,genome_3x,full_mt_genom_Ecy,4153
NOVOplasty,genome_3x,full_mt_genom_Eve,4153
NOVOplasty,genome_3x,part_COI_Bpul,15604
NOVOplasty,genome_3x,part_COI_Ecy,4153
NOVOplasty,genome_NCBI,full_COI_Ecy,15921
NOVOplasty,genome_NCBI,full_mt_genom_Ecy,15921
NOVOplasty,genome_NCBI,full_mt_genom_Eve,15921
NOVOplasty,genome_NCBI,part_COI_Ecy,15921
NOVOplasty,genome_NCBI_50p,full_COI_Ecy,15921
NOVOplasty,genome_NCBI_50p,full_mt_genom_Ecy,15921
NOVOplasty,genome_NCBI_50p,full_mt_genom_Eve,15921
NOVOplasty,genome_NCBI_50p,part_COI_Ecy,15921
NOVOplasty,genome_our_rna,full_COI_Ecy,1590
NOVOplasty,genome_our_rna,full_mt_genom_Ecy,1590
NOVOplasty,genome_our_rna,full_mt_genom_Eve,639
NOVOplasty,genome_our_rna,part_COI_Ecy,1538
NOVOplasty,transcriptome,full_COI_Ecy,2758
NOVOplasty,transcriptome,full_mt_genom_Bpul,7173
NOVOplasty,transcriptome,full_mt_genom_Ecy,2758
NOVOplasty,transcriptome,full_mt_genom_Eve,1638
NOVOplasty,transcriptome,full_mt_genom_EveS_EveS,1116
NOVOplasty,transcriptome,full_mt_genom_Eve_Eve,639
NOVOplasty,transcriptome,part_COI_Ecy,2758
NOVOplasty,transcriptome,part_COI_Eve_Eve,639
Norgal,genome,de_novo,23376
Norgal,genome_10p,de_novo,23249
Norgal,genome_16p,de_novo,20344
Norgal,genome_1p,de_novo,22993
Norgal,genome_3x,de_novo,23383
Norgal,genome,de_novo_Bpul,20193
Norgal,genome_3x,de_novo_Bpul,24519
Norgal,genome_Eve_Eve,de_novo,28338
Norgal,genome_NCBI,de_novo,23349
Norgal,genome_NCBI_50p,de_novo,23802
Norgal,genome_our_rna,de_novo,33971
Norgal,transcriptome,de_novo,20041
Norgal,transcriptome,de_novo_Bpul,27802
Norgal,transcriptome,de_novo_EveS,27045
mitobim,genome,full_COI_Bpul,15987
mitobim,genome,full_COI_Ecy,4219
mitobim,genome,full_COI_EveS_EveS,8414
mitobim,genome,full_COI_Eve_Eve,9787
mitobim,genome,full_mt_genom_Bpul,16934
mitobim,genome,full_mt_genom_Bpul_Eve,15322
mitobim,genome,full_mt_genom_Ecy,14520
mitobim,genome,full_mt_genom_Eve,14802
mitobim,genome,full_mt_genom_EveS_Ecy,14736
mitobim,genome,full_mt_genom_EveS_EveS,15601
mitobim,genome,full_mt_genom_Eve_Ecy,14736
mitobim,genome,full_mt_genom_Eve_Eve,15601
mitobim,genome,part_COI_Bpul,15935
mitobim,genome,part_COI_Ecy,4254
mitobim,genome,part_COI_EveS_EveS,9787
mitobim,genome,part_COI_Eve_Eve,8414
mitobim,genome_10p,full_COI_Ecy,1648
mitobim,genome_10p,full_mt_genom_Ecy,14386
mitobim,genome_10p,full_mt_genom_Eve,14323
mitobim,genome_10p,part_COI_Ecy,1648
mitobim,genome_16p,full_COI_Ecy,3189
mitobim,genome_16p,full_mt_genom_Ecy,14520
mitobim,genome_16p,full_mt_genom_Eve,15357
mitobim,genome_16p,part_COI_Ecy,4189
mitobim,genome_1p,full_COI_Ecy,1508
mitobim,genome_1p,full_mt_genom_Ecy,14148
mitobim,genome_1p,full_mt_genom_Eve,12798
mitobim,genome_1p,part_COI_Ecy,754
mitobim,genome_3x,full_COI_Bpul,15645
mitobim,genome_3x,full_COI_Ecy,4132
mitobim,genome_3x,full_mt_genom_Bpul,16321
mitobim,genome_3x,full_mt_genom_Bpul_Eve,15320
mitobim,genome_3x,full_mt_genom_Ecy,14522
mitobim,genome_3x,full_mt_genom_Eve,15376
mitobim,genome_3x,part_COI_Bpul,15646
mitobim,genome_3x,part_COI_Ecy,4095
mitobim,genome_NCBI,full_COI_Ecy,15673
mitobim,genome_NCBI,full_mt_genom_Ecy,14754
mitobim,genome_NCBI,full_mt_genom_Eve,16867
mitobim,genome_NCBI,part_COI_Ecy,15556
mitobim,genome_NCBI_50p,full_COI_Ecy,15435
mitobim,genome_NCBI_50p,full_mt_genom_Ecy,14651
mitobim,genome_NCBI_50p,full_mt_genom_Eve,16115
mitobim,genome_NCBI_50p,part_COI_Ecy,15561
mitobim,genome_our_rna,full_COI_Ecy,1850
mitobim,genome_our_rna,full_mt_genom_Ecy,14982
mitobim,genome_our_rna,full_mt_genom_Eve,16243
mitobim,genome_our_rna,part_COI_Ecy,937
mitobim,transcriptome,full_COI_Ecy,1751
mitobim,transcriptome,full_mt_genom_Bpul,17639
mitobim,transcriptome,full_mt_genom_Ecy,14925
mitobim,transcriptome,full_mt_genom_Eve,15747
mitobim,transcriptome,part_COI_Ecy,931
mitobim,transcriptome_10p,full_mt_genom_Ecy,14460
mitobim,transcriptome_10p,full_mt_genom_Eve,14392
mitobim,transcriptome_10p,part_COI_Ecy,3835
mitobim,transcriptome_1p,full_mt_genom_Ecy,14377
mitobim,transcriptome_1p,full_mt_genom_Eve,14251
mitobim,transcriptome_1p,part_COI_Ecy,872
mtgrasp,genome,full_COI_Bpul,15651
mtgrasp,genome,full_COI_Ecy,2658
mtgrasp,genome,full_COI_EveS_EveS,3174
mtgrasp,genome,full_COI_Eve_Eve,3174
mtgrasp,genome,full_mt_genom_Bpul,15651
mtgrasp,genome,full_mt_genom_Bpul_Eve,15651
mtgrasp,genome,full_mt_genom_Ecy,14372
mtgrasp,genome,full_mt_genom_Eve,4994
mtgrasp,genome,full_mt_genom_EveS_EveS,12523
mtgrasp,genome,full_mt_genom_Eve_Ecy,3439
mtgrasp,genome,full_mt_genom_Eve_Eve,3439
mtgrasp,genome,part_COI_Bpul,15651
mtgrasp,genome,part_COI_Ecy,2658
mtgrasp,genome,part_COI_EveS_EveS,3174
mtgrasp,genome,part_COI_Eve_Eve,3174
mtgrasp,genome_16p,full_mt_genom_Ecy,2531
mtgrasp,genome_16p,full_mt_genom_Eve,1370
mtgrasp,genome_16p,part_COI_Ecy,1370
mtgrasp,genome_3x,full_COI_Bpul,15580
mtgrasp,genome_3x,full_mt_genom_Bpul,15580
mtgrasp,genome_3x,full_mt_genom_Bpul_Eve,15580
mtgrasp,genome_3x,full_mt_genom_Ecy,14310
mtgrasp,genome_3x,full_mt_genom_Eve,2571
mtgrasp,genome_3x,part_COI_Bpul,15580
mtgrasp,genome_3x,part_COI_Ecy,2090
mtgrasp,genome_NCBI,full_COI_Ecy,15726
mtgrasp,genome_NCBI,full_mt_genom_Ecy,15726
mtgrasp,genome_NCBI,full_mt_genom_Eve,15726
mtgrasp,genome_NCBI,part_COI_Ecy,15726
mtgrasp,genome_NCBI_50p,full_COI_Ecy,15327
mtgrasp,genome_NCBI_50p,full_mt_genom_Ecy,15327
mtgrasp,genome_NCBI_50p,full_mt_genom_Eve,15327
mtgrasp,genome_NCBI_50p,part_COI_Ecy,15327
mtgrasp,genome_our_rna,full_mt_genom_Ecy,1059
mtgrasp,genome_our_rna,full_mt_genom_Eve,1059
mtgrasp,transcriptome,full_mt_genom_Bpul,17439
mtgrasp,transcriptome,full_mt_genom_Ecy,14402
mtgrasp,transcriptome,full_mt_genom_Eve,2682
mtgrasp,transcriptome,part_COI_Ecy,2302
mtgrasp,transcriptome_10p,full_COI_Ecy,2250
mtgrasp,transcriptome_10p,full_mt_genom_Ecy,14254
mtgrasp,transcriptome_10p,full_mt_genom_Eve,2250
mtgrasp,transcriptome_10p,part_COI_Ecy,2250
mtgrasp,transcriptome_1p,full_COI_Ecy,1451
mtgrasp,transcriptome_1p,full_mt_genom_Ecy,1451
mtgrasp,transcriptome_1p,full_mt_genom_Eve,1451
mtgrasp,transcriptome_1p,part_COI_Ecy,1451
